poyavilsya,name,category,city,street,phone,instagram,facebook,telegram,email,osm,map
2026-09-21,ACOL Armenian Ethnic Manor,производство/мастерская: winery,Дилижан,Շամախյան փողոց 1/1,+374 93 646131,winery.am,https://www.facebook.com/profile.php?id=61555937317504,Acolwinery,hndzan.info@gmail.com,https://www.openstreetmap.org/way/1561055057,"https://www.google.com/maps/search/?api=1&query=40.7488407,44.8411226"
2026-09-19,Bolors Together Cafe,cafe,Дилижан,Միխայիլ Կալինինի փողոց 106,,,,,,https://www.openstreetmap.org/node/14197159001,"https://www.google.com/maps/search/?api=1&query=40.7398308,44.8531546"
2026-09-16,Margaryan,магазин: coffee,Дилижан,,,,,,,https://www.openstreetmap.org/node/14185242500,"https://www.google.com/maps/search/?api=1&query=40.7395326,44.8650566"
2026-09-15,Green Rock,офис: company,Дилижан,,,,,,,https://www.openstreetmap.org/node/14182436838,"https://www.google.com/maps/search/?api=1&query=40.7404086,44.8640913"
2026-09-13,Dilijan Jeep,офис: guide,Дилижан,,+374 33 000013,dilijanjeep,,,,https://www.openstreetmap.org/node/14178673337,"https://www.google.com/maps/search/?api=1&query=40.7526029,44.8969448"
2026-09-13,Jelini,chalet,Дилижан,Սայաթ-Նովայի փողոց 38,+374 77 567025,jelini_dilijan_,https://www.facebook.com/profile.php?id=61589366311069,,Jelinidilijan20@gmail.com,https://www.openstreetmap.org/node/14178718265,"https://www.google.com/maps/search/?api=1&query=40.7493469,44.8761705"
2026-09-13,RedRose,guest_house,Дилижан,Միխայիլ Կալինինի փողոց 230,+374 77 462644,,https://www.facebook.com/profile.php?id=100085071042809,,,https://www.openstreetmap.org/way/1558582510,"https://www.google.com/maps/search/?api=1&query=40.741281,44.8399569"
2026-09-13,Bar №1,bar,Дилижан,Միխայիլ Կալինինի փողոց 236/1,,,,barN1Kliver,,https://www.openstreetmap.org/relation/21388961,"https://www.google.com/maps/search/?api=1&query=40.7411165,44.8394459"
2026-09-06,VIP Club,sports_centre,Ванадзор,,,,,,,https://www.openstreetmap.org/node/14156727467,"https://www.google.com/maps/search/?api=1&query=40.7908272,44.5168718"
2026-09-01,Troya,магазин: supermarket,Ванадзор,,,,,,,https://www.openstreetmap.org/node/14156727461,"https://www.google.com/maps/search/?api=1&query=40.7912308,44.521858"
2026-08-31,Prestige House,магазин: window_blind,Ванадзор,,,,,,,https://www.openstreetmap.org/node/14138177664,"https://www.google.com/maps/search/?api=1&query=40.8063587,44.4973567"
2026-08-31,Chef Favorite,cafe,Ванадзор,,,,,,,https://www.openstreetmap.org/node/14138177665,"https://www.google.com/maps/search/?api=1&query=40.8058357,44.4973661"
2026-08-31,Food City,fast_food,Ванадзор,,,,,,,https://www.openstreetmap.org/node/14138177680,"https://www.google.com/maps/search/?api=1&query=40.8114935,44.4898385"
2026-08-31,Choocho Vet,veterinary,Дилижан,Միխայիլ Կալինինի փողոց 177/5,+374 44 189229,,,GoharFreedomVet,,https://www.openstreetmap.org/node/14137985256,"https://www.google.com/maps/search/?api=1&query=40.7406846,44.845483"
2026-08-26,Դիլիջան-Իջևան ավտոբուս,магазин: ticket,Дилижан,,,,,,,https://www.openstreetmap.org/way/1552500789,"https://www.google.com/maps/search/?api=1&query=40.7389308,44.8648"
2026-08-25,VIP Coffee,fast_food,Ванадзор,,,,,,,https://www.openstreetmap.org/node/14121849927,"https://www.google.com/maps/search/?api=1&query=40.8082729,44.4947768"
2026-08-23,Tigran Atabekyan,магазин: car_repair,Дилижан,Զորավար Անդրանիկի փողոց 26,+374 98 889860,,,tigranatabekyan,,https://www.openstreetmap.org/node/14114178096,"https://www.google.com/maps/search/?api=1&query=40.7427503,44.8564085"
2026-08-22,Doctor's House 42,guest_house,Дилижан,Գետափնյա փողոց 42,+374 95 550992,doctors_house_dilijan,https://www.facebook.com/profile.php?id=61552514159998,,,https://www.openstreetmap.org/node/14113418885,"https://www.google.com/maps/search/?api=1&query=40.7397011,44.8492177"
2026-08-22,Remember Me B&B,guest_house,Дилижан,Մյասնիկյան փողոց 78,,,,,,https://www.openstreetmap.org/node/14113530013,"https://www.google.com/maps/search/?api=1&query=40.7428217,44.8725094"
2026-08-22,Armenia B/B,guest_house,Дилижан,Միխայիլ Կալինինի փողոց 125Ա,+374 77 386339,,BedandbreakfastAmalyaBandB125,,amalya.hakhverdyan@mail.ru,https://www.openstreetmap.org/way/1551605757,"https://www.google.com/maps/search/?api=1&query=40.7393723,44.8520314"
2026-08-22,Green Garden / Paloma Inn,guest_house,Дилижан,Գետափնյա փողոց 2,+374 94 636656,green.garden.dilijan,https://www.facebook.com/profile.php?id=61561033626018,,,https://www.openstreetmap.org/way/1551605758,"https://www.google.com/maps/search/?api=1&query=40.7386381,44.8528887"
2026-08-22,Քարահուջ,магазин: gift,Дилижан,Միխայիլ Կալինինի փողոց 25,+374 43 220003,carahunge_dilijan,CarahungeDilijan,,,https://www.openstreetmap.org/way/1551605763,"https://www.google.com/maps/search/?api=1&query=40.7397531,44.8610709"
2026-08-22,Raisa,guest_house,Дилижан,Միխայիլ Կալինինի փողոց 11Ա,+374 99 094564,,,,,https://www.openstreetmap.org/way/1551605764,"https://www.google.com/maps/search/?api=1&query=40.7400661,44.8624195"
2026-08-22,Sayat-Nova,hotel,Дилижан,Սայաթ-Նովայի փողոց 131,+374 95 131173,,SayatNovaDilijan,,manavaanna76@gmail.com,https://www.openstreetmap.org/way/1551625591,"https://www.google.com/maps/search/?api=1&query=40.7564804,44.8933739"
2026-08-20,Հայաստանի Էլեկտրական Ցանցեր,офис: energy_supplier,Дилижан,,,,,,,https://www.openstreetmap.org/way/1551087252,"https://www.google.com/maps/search/?api=1&query=40.7533349,44.8919498"
2026-08-17,Ավոկադո,магазин: greengrocer,Ванадзор,,,,,,,https://www.openstreetmap.org/node/14100628597,"https://www.google.com/maps/search/?api=1&query=40.7985845,44.5076276"
2026-08-17,Lumo,cafe,Ванадзор,,,,,,,https://www.openstreetmap.org/node/14100641711,"https://www.google.com/maps/search/?api=1&query=40.8070571,44.4935426"
2026-08-17,Հերմես,hotel,Ванадзор,,+374 55 500047,,,,,https://www.openstreetmap.org/node/14100641712,"https://www.google.com/maps/search/?api=1&query=40.8116513,44.4933549"
2026-08-17,Invitro,медицина: laboratory,Ванадзор,,,,,,,https://www.openstreetmap.org/node/14100641727,"https://www.google.com/maps/search/?api=1&query=40.8093116,44.486426"
2026-08-17,Տատյանա,магазин: hairdresser,Дилижан,,+374 94 734771,,,,,https://www.openstreetmap.org/node/14107677246,"https://www.google.com/maps/search/?api=1&query=40.7535936,44.8954457"
2026-08-16,Fearless nerds,производство/мастерская: atelier,Дилижан,Մաքսիմ Գորկու փողոց 3,,fearless_nerds,,fearlessnerds,,https://www.openstreetmap.org/node/14098628561,"https://www.google.com/maps/search/?api=1&query=40.7378385,44.8639882"
2026-08-16,Armenita,restaurant,Дилижан,Մաքսիմ Գորկու փողոց 29/41,+374 94 821010,dilijanvillas_armenita,,,,https://www.openstreetmap.org/node/14098661666,"https://www.google.com/maps/search/?api=1&query=40.7447679,44.8606167"
2026-08-16,Livar,офис: travel_agent,Дилижан,,,,,,,https://www.openstreetmap.org/node/14099322353,"https://www.google.com/maps/search/?api=1&query=40.7407815,44.8716732"
2026-08-16,Armenita,restaurant,Дилижан,Մաքսիմ Գորկու փողոց 29/41,+374 94 821010,armenita_family_resort,https://www.facebook.com/profile.php?id=61576559064414,,,https://www.openstreetmap.org/way/1550103090,"https://www.google.com/maps/search/?api=1&query=40.744904,44.860573"
2026-08-16,Մաքսիմ Գորկու 29/6,chalet,Дилижан,Մաքսիմ Գորկու փողոց 29/6,,,,,,https://www.openstreetmap.org/way/1550103091,"https://www.google.com/maps/search/?api=1&query=40.745373,44.8611791"
2026-08-11,Eva Grand House Dilijan,guest_house,Дилижан,Օրջոնիկիձեի 4-րդ նրբանցք 4,,,,,,https://www.openstreetmap.org/node/14087121001,"https://www.google.com/maps/search/?api=1&query=40.7434314,44.877181"
2026-08-11,Nina B&B,guest_house,Дилижан,Մյասնիկյան փողոց 18,,,,,,https://www.openstreetmap.org/node/14094159601,"https://www.google.com/maps/search/?api=1&query=40.7371669,44.8665495"
2026-08-09,Mame Bakery,cafe,Дилижан,,+374 33 058888,bakerymame,https://www.facebook.com/profile.php?id=61590786352563,,,https://www.openstreetmap.org/node/14084214213,"https://www.google.com/maps/search/?api=1&query=40.7439678,44.8814529"
2026-08-06,Ler House Dilijan,chalet,Дилижан,Մաքսիմ Գորկու փողոց 27/1,+374 77 232770,lerhousedilijan,,,,https://www.openstreetmap.org/way/1547721499,"https://www.google.com/maps/search/?api=1&query=40.7445459,44.8632374"
2026-08-03,N and M,магазин: gift,Дилижан,,,,,,,https://www.openstreetmap.org/node/14084153693,"https://www.google.com/maps/search/?api=1&query=40.7390119,44.8649518"
2026-08-03,Դիլի Ձոր,restaurant,Дилижан,Պարզ լիճ 69/1,+374 93 025752,dili_dzor/,dilidzor,,,https://www.openstreetmap.org/way/1546946027,"https://www.google.com/maps/search/?api=1&query=40.7574489,44.9075491"
2026-08-03,Sonik's bakery,магазин: bakery,Ашхарак,,,,,,,https://www.openstreetmap.org/node/14071515098,"https://www.google.com/maps/search/?api=1&query=40.2952172,44.3570187"
2026-07-30,711,магазин: car_parts,Ванадзор,,,,,,,https://www.openstreetmap.org/node/14062099885,"https://www.google.com/maps/search/?api=1&query=40.8141716,44.4925824"
2026-07-30,Ion,магазин: lighting,Ванадзор,,,,,,,https://www.openstreetmap.org/node/14062099887,"https://www.google.com/maps/search/?api=1&query=40.8139051,44.4845331"
2026-07-29,Սեմոյի մոտ / Կոլլետ,restaurant,Севан,,+374 41 778899,semoyimot_restaurant,,,,https://www.openstreetmap.org/way/1545625167,"https://www.google.com/maps/search/?api=1&query=40.5872649,44.9727155"
2026-07-26,Lake Side,hotel,Дилижан,Մաքսիմ Գորկու փողոց 13,+374 55 136136,lakeside.dilijan,lakeside.dilijan,,,https://www.openstreetmap.org/way/1544737956,"https://www.google.com/maps/search/?api=1&query=40.7379986,44.8634577"
2026-07-21,Haveli,restaurant,Дилижан,,+374 93 891027,haveli_indian.restaurant,,,,https://www.openstreetmap.org/node/14030715180,"https://www.google.com/maps/search/?api=1&query=40.7396484,44.8675297"
2026-07-13,Imtoon Gastroliving,restaurant,Дилижан,Շահումյան փողոց 1,+374 55 561354,imtoondilijan,ImToonDilijan,,Imtoon.dilijan@gmail.com,https://www.openstreetmap.org/way/1537825145,"https://www.google.com/maps/search/?api=1&query=40.7513635,44.8876006"
2026-07-12,Դարավանդ,restaurant,Дилижан,Աբովյան փողոց 46,+374 91 420965,daravandarmenia,daravandarmenia,,daravandguesthouse@gmail.com,https://www.openstreetmap.org/way/1537679140,"https://www.google.com/maps/search/?api=1&query=40.7456678,44.8230438"
2026-07-12,Cron Hotels Armenia,hotel,Дилижан,Աբովյան փողոց 5,+374 33 235050,,https://www.facebook.com/p/Cron-Hotels-Armenia-100090489669873/,,,https://www.openstreetmap.org/way/1537679144,"https://www.google.com/maps/search/?api=1&query=40.7455296,44.8219617"
2026-07-12,Միմինո,hotel,Дилижан,Միխայիլ Կալինինի փողոց 250,+374 94 046011,mimino.hotel,hotelmimino,,,https://www.openstreetmap.org/way/1537747650,"https://www.google.com/maps/search/?api=1&query=40.7416285,44.8376035"
2026-07-12,Ariana Family,hotel,Дилижан,Կամոյի փողոց 33,+374 91 519890,arianadilijan,DilijanFamilyRest,,ariana.familyhotel@gmail.com,https://www.openstreetmap.org/way/1537783057,"https://www.google.com/maps/search/?api=1&query=40.7240725,44.8640297"
2026-07-12,Dilbo House,guest_house,Дилижан,Կամոյի 3-րդ նրբանցք 5,+374 93 969889,dilbo.house.dilijan,,,,https://www.openstreetmap.org/way/1537812066,"https://www.google.com/maps/search/?api=1&query=40.7232818,44.8524407"
2026-07-12,Modern Mayr Dilijan,clinic,Дилижан,,,,,,,https://www.openstreetmap.org/way/1537816953,"https://www.google.com/maps/search/?api=1&query=40.7387659,44.8293467"
2026-07-11,DilArs,офис: company,Дилижан,Կամոյի փողոց 99,+374 94 010350,dilars.construction,https://www.facebook.com/profile.php?id=61570917116992,,dilars.info@mail.ru,https://www.openstreetmap.org/node/14007331689,"https://www.google.com/maps/search/?api=1&query=40.7219537,44.852544"
2026-07-10,Panorama Dilijan,guest_house,Дилижан,Միխայիլ Կալինինի փողոց 286,+374 98 324447,panorama.dilijan,PanoramaDilijan,,panorama.dilijan@gmail.com,https://www.openstreetmap.org/way/1537290553,"https://www.google.com/maps/search/?api=1&query=40.7411374,44.8310269"
2026-07-09,Shamakhyan 10/3,guest_house,Дилижан,Շամախյան փողոց 10/3,+374 55 888815,,https://www.facebook.com/profile.php?id=100057044546613,,sagabalyan.g@yandex.ru,https://www.openstreetmap.org/way/1536782485,"https://www.google.com/maps/search/?api=1&query=40.7483893,44.8458372"
2026-07-09,Dilijan Bellevue,hotel,Дилижан,Սարալանջի 3-ին նրբանցք 9,+374 43 224393,https://www.instagram.com/dilijan_bellevue,https://www.facebook.com/people/Family-Resort-Bellevue,,,https://www.openstreetmap.org/way/1536782486,"https://www.google.com/maps/search/?api=1&query=40.7471439,44.8380039"
2026-07-09,Legato House,guest_house,Дилижан,Օրջոնիկիձեի 4-րդ նրբանցք 80/4,+374 91 353010,,,,,https://www.openstreetmap.org/way/1536782487,"https://www.google.com/maps/search/?api=1&query=40.7417394,44.878142"
2026-07-09,Homey,chalet,Дилижан,Օրջոնիկիդզեի 3-րդ նրբանցք 2,+374 94 832222,homey_by_gurmenia,homeybygurmenia,,homeyfamilyhouse@gmail.com,https://www.openstreetmap.org/way/1536782488,"https://www.google.com/maps/search/?api=1&query=40.7447978,44.8813012"
2026-07-09,FillHouseDilijan,apartment,Дилижан,Մխիթարյան փողոց 8/1,+374 98 577775,fillhousedilijan,trianglebyfillhousedilijan,,,https://www.openstreetmap.org/way/1536782490,"https://www.google.com/maps/search/?api=1&query=40.7500451,44.8820536"
2026-07-09,Vardazarians,guest_house,Дилижан,26 Կոմիսարների փողոց 24,+374 55 666009,guesthouse_v_dilijan,https://www.facebook.com/profile.php?id=100052680956629,,davidvardazarian@gmail.com,https://www.openstreetmap.org/way/1536782491,"https://www.google.com/maps/search/?api=1&query=40.7448151,44.87299"
2026-07-08,Royal Rest,hotel,Дилижан,Շարամբերյան փողոց 42/2,+374 93 010355,royalrestdilijan,Royalrestdilijan1,,,https://www.openstreetmap.org/way/1536383345,"https://www.google.com/maps/search/?api=1&query=40.7402962,44.8687168"
2026-07-07,Ivani,restaurant,Дилижан,,+374 95 013013,ivanirestaurant,,,,https://www.openstreetmap.org/node/13998432252,"https://www.google.com/maps/search/?api=1&query=40.7525653,44.8965879"
2026-07-07,թիվ 1 մանկապարտեզ,kindergarten,Дилижан,Գետափնյա փողոց 70/4,+374 26 826282,,,,,https://www.openstreetmap.org/way/1536366874,"https://www.google.com/maps/search/?api=1&query=40.739674,44.8461851"
2026-07-07,Noor Dilijan,guest_house,Дилижан,Աբովյան փողոց 3/2,+374 91 803090,noordilijanguesthouse,https://www.facebook.com/profile.php?id=61577792322056,,dilijan.noor@gmail.com,https://www.openstreetmap.org/way/1536366876,"https://www.google.com/maps/search/?api=1&query=40.7424454,44.8254515"
2026-07-07,MaRu House,guest_house,Дилижан,Կամոյի փողոց 58,+374 96 520020,maru_house_dilijan,https://www.facebook.com/profile.php?id=61554953057497,,,https://www.openstreetmap.org/way/1536383343,"https://www.google.com/maps/search/?api=1&query=40.7230966,44.8560944"
2026-07-07,Oasis Hotel,hotel,Капан,Գործարանային փողոց 3,,,,,,https://www.openstreetmap.org/node/13995362201,"https://www.google.com/maps/search/?api=1&query=39.2007536,46.428195"
2026-07-06,Cabinet,restaurant,Дилижан,Մաքսիմ Գորկու փողոց 3/2,+374 44 774433,cabinet.dilijan,,,,https://www.openstreetmap.org/way/1536028556,"https://www.google.com/maps/search/?api=1&query=40.7370538,44.863209"
2026-07-06,Կեր ու Սուս,restaurant,Дилижан,Մյասնիկյան փողոց 28/5,+37443751028,kerusus_dilijan,kerususdilijan,,,https://www.openstreetmap.org/way/1536028561,"https://www.google.com/maps/search/?api=1&query=40.73849,44.8673137"
2026-07-01,The Place,restaurant,Дилижан,,+374 55 136136,theplace.dilijan,,,,https://www.openstreetmap.org/node/13993772331,"https://www.google.com/maps/search/?api=1&query=40.7379127,44.8635112"
2026-06-30,Armenian Bakery,магазин: bakery,Ехегнадзор,,,,,,,https://www.openstreetmap.org/node/13977538201,"https://www.google.com/maps/search/?api=1&query=39.7580768,45.3325161"
2026-06-27,Red forest,restaurant,Дилижан,Սայաթ-Նովայի փողոց 46,+374 99 466046,ed_forest_dilijan,https://www.facebook.com/profile.php?id=61577634508055,,,https://www.openstreetmap.org/way/1532969269,"https://www.google.com/maps/search/?api=1&query=40.7504106,44.8774248"
2026-06-27,Chalet Dilijan,restaurant,Дилижан,Սայաթ-Նովայի փողոց 63,+374 60 718080,chalet.dilijan,Chaletdilijan,,Chaletdilijan@gmail.com,https://www.openstreetmap.org/way/1532969270,"https://www.google.com/maps/search/?api=1&query=40.7496545,44.8757012"
2026-06-27,Kessab,restaurant,Дилижан,,,,,,,https://www.openstreetmap.org/way/1533064745,"https://www.google.com/maps/search/?api=1&query=40.759214,44.8994346"
2026-06-26,Rolls,fast_food,Дилижан,,,,,,,https://www.openstreetmap.org/node/13968948204,"https://www.google.com/maps/search/?api=1&query=40.7386695,44.868226"
2026-06-25,Luxero,магазин: shoes,Дилижан,,+374 33 044042,luxero_shoes_store,,,,https://www.openstreetmap.org/node/13964711661,"https://www.google.com/maps/search/?api=1&query=40.7433704,44.8726537"
2026-06-25,Smooth,магазин: beauty,Дилижан,,,,,,,https://www.openstreetmap.org/way/1532246168,"https://www.google.com/maps/search/?api=1&query=40.7398383,44.853062"
2026-06-25,Mr. Haroyan,магазин: hairdresser,Дилижан,Միխայիլ Կալինինի փողոց 120/1,+374 77 076716,,,,,https://www.openstreetmap.org/way/1532246169,"https://www.google.com/maps/search/?api=1&query=40.7398778,44.8522259"
2026-06-25,ԳրինՎուդ,hotel,Дилижан,Սայաթ-Նովայի փողոց 50,+374 93 416811,,GreenWoodDilijanHotel,,dghyak.dilijan@gmail.com,https://www.openstreetmap.org/way/1532969268,"https://www.google.com/maps/search/?api=1&query=40.7512623,44.8780798"
2026-06-25,Լուսաբաց,restaurant,Севан,,+374 99 106031,lusabac_loxap_restaurant,LusabacBeachRestaurant,,,https://www.openstreetmap.org/way/1532239119,"https://www.google.com/maps/search/?api=1&query=40.5630714,45.00939"
2026-06-25,Asteria,camp_site,Севан,,+374 93 052020,,campingasteria,,,https://www.openstreetmap.org/way/1532239124,"https://www.google.com/maps/search/?api=1&query=40.5632402,45.004194"
2026-06-25,Akn Arevi,restaurant,Ехегнадзор,Շահումյան փողոց 16,,,,,,https://www.openstreetmap.org/node/13964085301,"https://www.google.com/maps/search/?api=1&query=39.7625129,45.3299961"
2026-06-22,Հին խորհրդային տուրիստական ​​բազա,camp_site,Севан,,,,,,,https://www.openstreetmap.org/way/1531503924,"https://www.google.com/maps/search/?api=1&query=40.5646682,45.0044947"
2026-06-22,Sevan 3,hotel,Севан,,055859575,,,,,https://www.openstreetmap.org/way/1531503925,"https://www.google.com/maps/search/?api=1&query=40.5640942,45.0009493"
2026-06-22,Հակոբի մոտ,restaurant,Севан,,+374 96 212127,,https://www.facebook.com/profile.php?id=100066452149901#,,,https://www.openstreetmap.org/way/1531503990,"https://www.google.com/maps/search/?api=1&query=40.5672653,45.001479"
2026-06-21,Գրողների հանգստյան տան ռեստորան,restaurant,Севан,Ձկնորսների փողոց 7/1,+374 95 75 00 03,,,,,https://www.openstreetmap.org/way/1531233377,"https://www.google.com/maps/search/?api=1&query=40.5627711,45.0120007"
2026-06-21,Գրողների հանգստյան տուն,hotel,Севан,Ձկնորսների փողոց 7,+374 93 306904,sevanwritershouse,sevanwritershouse,,,https://www.openstreetmap.org/way/1531233379,"https://www.google.com/maps/search/?api=1&query=40.5627635,45.0123985"
2026-06-21,Իշխան,restaurant,Севан,,+374 93 616655,sevan.ishxan.loxap.terakxzi,,,,https://www.openstreetmap.org/way/1531503909,"https://www.google.com/maps/search/?api=1&query=40.5627413,45.0105677"
2026-06-21,Kambuz,restaurant,Севан,,+374 77 108064,kambuzsevan,hotelkambuz,,reserve@sld-inc.com,https://www.openstreetmap.org/way/1531503921,"https://www.google.com/maps/search/?api=1&query=40.5633806,45.0078826"
2026-06-19,Monet,restaurant,Дилижан,,+374 41 999052,monet_restaurant,,,,https://www.openstreetmap.org/node/13951713823,"https://www.google.com/maps/search/?api=1&query=40.7441172,44.8291289"
2026-06-15,Ռեստ Լենդ հյուրատուն,guest_house,Дилижан,Սայաթ-Նովայի փողոց 69Բ,+374 43 104646,restland_dilijan_family_hotel,rldilijanhotel,,dilijanreservation@gmail.com,https://www.openstreetmap.org/way/1529689218,"https://www.google.com/maps/search/?api=1&query=40.7540291,44.8800406"
2026-06-15,Diligence,hotel,Дилижан,Սայաթ-Նովայի փողոց 69,+374 94 407761,,diligencehotel,,dilijanshotel@mail.ru,https://www.openstreetmap.org/way/1529689219,"https://www.google.com/maps/search/?api=1&query=40.7527848,44.8787271"
2026-06-09,Green Way,магазин: supermarket,Ванадзор,,,,,,,https://www.openstreetmap.org/node/13923917351,"https://www.google.com/maps/search/?api=1&query=40.8152256,44.4812829"
2026-06-09,Tutti Frutti,магазин: greengrocer,Ванадзор,,,,,,,https://www.openstreetmap.org/node/13923917356,"https://www.google.com/maps/search/?api=1&query=40.8146588,44.4830156"
2026-05-27,Conservatory,cafe,Дилижан,Շարամբերյան փողոց 10,,conservatory.dilijan,,,,https://www.openstreetmap.org/node/13894484010,"https://www.google.com/maps/search/?api=1&query=40.7396114,44.8689843"
2026-05-24,Total,магазин: hardware,Ванадзор,,,,,,,https://www.openstreetmap.org/node/13873481373,"https://www.google.com/maps/search/?api=1&query=40.8132771,44.4880119"
2026-05-24,Gulf,магазин: convenience,Ванадзор,,,,,,,https://www.openstreetmap.org/node/13873492030,"https://www.google.com/maps/search/?api=1&query=40.8035813,44.5168634"
2026-05-24,Dilibaby,магазин: clothes,Дилижан,,,,,,,https://www.openstreetmap.org/node/13871618603,"https://www.google.com/maps/search/?api=1&query=40.7391896,44.8479142"
2026-05-24,Մորաքույր,childcare,Дилижан,,+374 55 868868,,,,,https://www.openstreetmap.org/node/13871632282,"https://www.google.com/maps/search/?api=1&query=40.738623,44.854732"
2026-05-03,14 Floor,hotel,Ереван,,,,,,,https://www.openstreetmap.org/node/13789623565,"https://www.google.com/maps/search/?api=1&query=40.1802334,44.5104699"
2026-05-03,G-Drive,driving_school,Ереван,,,,,,,https://www.openstreetmap.org/node/13791121924,"https://www.google.com/maps/search/?api=1&query=40.182461,44.5694322"
2026-05-03,Margaryan,магазин: kiosk,Дилижан,,,,,,,https://www.openstreetmap.org/node/13819600320,"https://www.google.com/maps/search/?api=1&query=40.7400748,44.8649775"
2026-05-03,Cemi,cafe,Дилижан,,,cemi_by_apicius,,,,https://www.openstreetmap.org/node/13865581811,"https://www.google.com/maps/search/?api=1&query=40.7403737,44.8639628"
2026-05-03,Բոլորս,cafe,Дилижан,Միխայիլ Կալինինի փողոց 114,+374 94 989622,bolorscafe,,bolorscafe,,https://www.openstreetmap.org/way/1517431606,"https://www.google.com/maps/search/?api=1&query=40.7399052,44.8526956"
2026-05-02,Box photo lab,магазин: photo,Ереван,Սարյանի փողոց 7th garage,,,,,,https://www.openstreetmap.org/node/13786417501,"https://www.google.com/maps/search/?api=1&query=40.1861261,44.5072414"
2026-05-02,MeMo,fast_food,Ереван,Սարյանի փողոց 23,,,,,,https://www.openstreetmap.org/node/13786417601,"https://www.google.com/maps/search/?api=1&query=40.1851466,44.5069028"
2026-05-02,Վեգաս,restaurant,Ванадзор,,,,,,,https://www.openstreetmap.org/way/1507672797,"https://www.google.com/maps/search/?api=1&query=40.8068071,44.4982057"
2026-05-01,Kondi Hayat,cafe,Ереван,Կոնդի փողոց 253,,,,,,https://www.openstreetmap.org/node/13784650802,"https://www.google.com/maps/search/?api=1&query=40.1809099,44.5025933"
2026-05-01,New Spidag,fast_food,Ереван,,,,,,,https://www.openstreetmap.org/node/13785154463,"https://www.google.com/maps/search/?api=1&query=40.1880934,44.513972"
2026-04-30,Rien-à-Porter,магазин: boutique,Ереван,Պուշկինի փողոց 35,,,,,,https://www.openstreetmap.org/node/13781337509,"https://www.google.com/maps/search/?api=1&query=40.1833347,44.5115396"
2026-04-30,Milaro,магазин: furniture,Ванадзор,,,,,,,https://www.openstreetmap.org/node/13782263979,"https://www.google.com/maps/search/?api=1&query=40.8126765,44.4896876"
2026-04-30,Armat,магазин: perfumery,Ванадзор,,,,,,,https://www.openstreetmap.org/node/13782263985,"https://www.google.com/maps/search/?api=1&query=40.8084747,44.4916453"
2026-04-30,Joycafe,cafe,Ванадзор,,,,,,,https://www.openstreetmap.org/node/13782263986,"https://www.google.com/maps/search/?api=1&query=40.8085046,44.4920956"
2026-04-30,Kamilla Baker's Kitchen,магазин: bakery,Ванадзор,,,,,,,https://www.openstreetmap.org/node/13782263988,"https://www.google.com/maps/search/?api=1&query=40.8086795,44.4942031"
2026-04-29,Aurora,hotel,Дилижан,,,,,,,https://www.openstreetmap.org/node/13774204201,"https://www.google.com/maps/search/?api=1&query=40.7420125,44.855487"
2026-04-28,Buk & Coffee,cafe,Ереван,,,buk_and_coffee,,,,https://www.openstreetmap.org/node/13771683578,"https://www.google.com/maps/search/?api=1&query=40.1822588,44.5126721"
2026-04-27,Luxury Collection Hotel,hotel,Севан,Սայաթ Նովա փողոց 18,,,,,,https://www.openstreetmap.org/node/13766083901,"https://www.google.com/maps/search/?api=1&query=40.5437908,44.9572656"
2026-04-21,ՆՈ ՆԵՅՄ,магазин: clothes,Дилижан,,,,,,,https://www.openstreetmap.org/node/13749950241,"https://www.google.com/maps/search/?api=1&query=40.7431386,44.8725491"
2026-04-19,Fruits and vegetables,магазин: greengrocer,Ереван,,,,,,,https://www.openstreetmap.org/node/13741763029,"https://www.google.com/maps/search/?api=1&query=40.1714863,44.5193627"
2026-04-11,Art Vet,veterinary,Ереван,,+374 95 105705,artvetvc,art.vet.2025,,,https://www.openstreetmap.org/node/13722598671,"https://www.google.com/maps/search/?api=1&query=40.199522,44.5189079"
2026-04-11,Multi Arms,магазин: hunting,Ереван,,+374 10 536603,,https://www.facebook.com/profile.php?id=100063759482638,,,https://www.openstreetmap.org/node/13722671127,"https://www.google.com/maps/search/?api=1&query=40.1786001,44.506416"
2026-04-08,Изготовление стекол и зеркал,производство/мастерская: handicraft,Ереван,,077313282,,,,,https://www.openstreetmap.org/node/13715556002,"https://www.google.com/maps/search/?api=1&query=40.1469785,44.4658339"
2026-04-08,California Boutique hotel,hotel,Ереван,,,,,,,https://www.openstreetmap.org/node/13717146817,"https://www.google.com/maps/search/?api=1&query=40.179509,44.5118765"
2026-04-08,13:20,bar,Ереван,Փավստոս Բուզանդի փողոց 22,+37498 780607,https://www.instagram.com/13_20.am/,https://www.facebook.com/profile.php?id=100094358003892,,,https://www.openstreetmap.org/relation/20424658,"https://www.google.com/maps/search/?api=1&query=40.1801085,44.5119332"
2026-04-03,Мясная Лавка,магазин: food,Гюмри,,,,,,,https://www.openstreetmap.org/way/1495828814,"https://www.google.com/maps/search/?api=1&query=40.8123693,43.8306952"
2026-04-02,Rezon,магазин: electronics,Ереван,,,,,,,https://www.openstreetmap.org/node/13700411666,"https://www.google.com/maps/search/?api=1&query=40.1963106,44.5680897"
2026-04-01,Aura Wellness,магазин: massage,Ереван,,,,,,,https://www.openstreetmap.org/node/13698728202,"https://www.google.com/maps/search/?api=1&query=40.1814261,44.5134142"
2026-04-01,Agora,магазин: supermarket,Ереван,Ազատության պողոտա 24/12,+37411332333,,,,,https://www.openstreetmap.org/node/13699201143,"https://www.google.com/maps/search/?api=1&query=40.2087647,44.5293074"
2026-03-29,Gola,магазин: clothes,Ереван,,,,,,,https://www.openstreetmap.org/node/13688377463,"https://www.google.com/maps/search/?api=1&query=40.1961728,44.5682501"
2026-03-29,Դայ պյատ,childcare,Дилижан,,,,https://www.facebook.com/profile.php?id=61553152247231,,,https://www.openstreetmap.org/node/13688325685,"https://www.google.com/maps/search/?api=1&query=40.7388038,44.8501776"
2026-03-29,Lili Dili,магазин: beauty,Дилижан,Գետափնյա փողոց 8/3,+374 41 151463,_salon_lili_dili_,https://www.facebook.com/profile.php?id=61583438549996,,,https://www.openstreetmap.org/way/1493861085,"https://www.google.com/maps/search/?api=1&query=40.7388444,44.8545324"
2026-03-26,Touch,магазин: hairdresser,Ереван,,,,,,,https://www.openstreetmap.org/node/13681350413,"https://www.google.com/maps/search/?api=1&query=40.1971164,44.5574129"
2026-03-26,Սարգիս,veterinary,Ванадзор,Մյասնիկյան փողոց 62,+374 93 377278,,,,,https://www.openstreetmap.org/node/13682006354,"https://www.google.com/maps/search/?api=1&query=40.8016992,44.48671"
2026-03-26,Lara's,магазин: tailor,Ванадзор,,,,,,,https://www.openstreetmap.org/way/1493116530,"https://www.google.com/maps/search/?api=1&query=40.8101468,44.4934882"
2026-03-23,My Boots,магазин: shoes,Ванадзор,,,,,,,https://www.openstreetmap.org/node/13671765363,"https://www.google.com/maps/search/?api=1&query=40.8086572,44.4942617"
2026-03-23,Freance,офис: company,Ванадзор,,,,,,,https://www.openstreetmap.org/node/13671765364,"https://www.google.com/maps/search/?api=1&query=40.8029296,44.4979807"
2026-03-23,Skutegh,cafe,Ванадзор,,,,,,,https://www.openstreetmap.org/node/13671878601,"https://www.google.com/maps/search/?api=1&query=40.8110197,44.4945431"
2026-03-23,Zariin,магазин: clothes,Ванадзор,,,,,,,https://www.openstreetmap.org/node/13671878613,"https://www.google.com/maps/search/?api=1&query=40.8071563,44.4923101"
2026-03-23,GLV Security,магазин: security,Ванадзор,,,,,,,https://www.openstreetmap.org/node/13671878614,"https://www.google.com/maps/search/?api=1&query=40.80599,44.4943781"
2026-03-22,Clean House,магазин: chemist,Ванадзор,,,,,,,https://www.openstreetmap.org/way/1491598354,"https://www.google.com/maps/search/?api=1&query=40.8037681,44.5153598"
2026-03-21,Good Food,магазин: convenience,Ванадзор,,,,,,,https://www.openstreetmap.org/node/13671765362,"https://www.google.com/maps/search/?api=1&query=40.8050782,44.4968828"
2026-03-19,Smoke house,магазин: tobacco,Ереван,,,,,,,https://www.openstreetmap.org/node/13661922584,"https://www.google.com/maps/search/?api=1&query=40.1976617,44.5681342"
2026-03-18,MY BMW parts,магазин: car_repair,Ереван,Silachi 777 side street 777,+37491699992,,,,,https://www.openstreetmap.org/node/13661080617,"https://www.google.com/maps/search/?api=1&query=40.1627801,44.5099198"
2026-03-18,Woof,магазин: pet_grooming,Ереван,Բաբայան փողոց 6Գ,+374 98 389977,woof.grooming.yerevan,,,,https://www.openstreetmap.org/way/1490150010,"https://www.google.com/maps/search/?api=1&query=40.19807,44.5217192"
2026-03-18,Rolls,cafe,Дилижан,Մյասնիկյան փողոց 32/2,+374 99 800880,rolls__rolls,https://www.facebook.com/profile.php?id=61574969116639,,rollsevn@gmail.com,https://www.openstreetmap.org/way/1490324570,"https://www.google.com/maps/search/?api=1&query=40.7386776,44.8682735"
2026-03-16,Drop Coffee,cafe,Ереван,,,,,,,https://www.openstreetmap.org/node/13651622933,"https://www.google.com/maps/search/?api=1&query=40.2002644,44.4917072"
2026-03-16,Retro Tavern,bar,Ереван,Կոմիտասի պողոտա 8,,,,,,https://www.openstreetmap.org/node/13652708101,"https://www.google.com/maps/search/?api=1&query=40.2003891,44.4940104"
2026-03-16,Bek Beer,bar,Ереван,Պուշկինի փողոց 42,,,,,,https://www.openstreetmap.org/node/13652765801,"https://www.google.com/maps/search/?api=1&query=40.183116,44.5123042"
2026-03-14,Шаурма Time,fast_food,Гюмри,,,,,,,https://www.openstreetmap.org/way/1488950543,"https://www.google.com/maps/search/?api=1&query=40.8120847,43.830749"
2026-03-14,Jauto.am,магазин: car_repair,Гюмри,,+374 33 33 36 37,,,,,https://www.openstreetmap.org/way/1488954013,"https://www.google.com/maps/search/?api=1&query=40.8139448,43.8310498"
2026-03-14,бистро,fast_food,Гюмри,,+374 95 48 82 88,,,,,https://www.openstreetmap.org/way/1488957363,"https://www.google.com/maps/search/?api=1&query=40.8076625,43.8322691"
2026-03-12,VisionMed,doctors,Ереван,,+374 41 900920,vision__med,visionmedclinic,,visionmedclinic@gmail.com,https://www.openstreetmap.org/node/13640707868,"https://www.google.com/maps/search/?api=1&query=40.1997646,44.516647"
2026-03-12,Crystal Glass Windshields,магазин: car_repair,Ереван,Սիլաչի 777 նեղային,,,,,,https://www.openstreetmap.org/node/13644746248,"https://www.google.com/maps/search/?api=1&query=40.1626797,44.5096946"
2026-03-09,Unipack,магазин: houseware,Ереван,,,,,,,https://www.openstreetmap.org/node/13629832784,"https://www.google.com/maps/search/?api=1&query=40.1962363,44.5682236"
2026-03-09,Arsen,производство/мастерская: electronics_repair,Дилижан,,+374 91 250753,,,,,https://www.openstreetmap.org/node/13631077116,"https://www.google.com/maps/search/?api=1&query=40.7391209,44.8482485"
2026-03-09,Anna,guest_house,Дилижан,,,,,,,https://www.openstreetmap.org/node/13631077135,"https://www.google.com/maps/search/?api=1&query=40.7392787,44.8483264"
2026-03-09,Balance,медицина: rehabilitation,Дилижан,,+374 77 405597,balance_center_dilijan,balancerehabcenter,,,https://www.openstreetmap.org/node/13631077136,"https://www.google.com/maps/search/?api=1&query=40.7392462,44.8481541"
2026-03-09,BS,магазин: beauty,Дилижан,,,,,,,https://www.openstreetmap.org/node/13631077349,"https://www.google.com/maps/search/?api=1&query=40.7393971,44.8464769"
2026-03-09,EkoMis,магазин: butcher,Дилижан,,,,,,,https://www.openstreetmap.org/node/13631077425,"https://www.google.com/maps/search/?api=1&query=40.7406953,44.8455011"
2026-03-07,Red Store,магазин: mobile_phone,Ереван,,,,,,,https://www.openstreetmap.org/node/13625004054,"https://www.google.com/maps/search/?api=1&query=40.1959174,44.5690312"
2026-03-06,BeerZone,магазин: alcohol,Дилижан,,+374 94 362633,beer.zone.dilijan,,beerzonedilijan,,https://www.openstreetmap.org/node/13623911655,"https://www.google.com/maps/search/?api=1&query=40.7398175,44.8535642"
2026-03-03,Lotus Nail,магазин: beauty,Ереван,,,,,,,https://www.openstreetmap.org/node/13614252280,"https://www.google.com/maps/search/?api=1&query=40.2019458,44.5748972"
2026-03-03,Ameli,магазин: tailor,Дилижан,,,,,,,https://www.openstreetmap.org/node/13617247856,"https://www.google.com/maps/search/?api=1&query=40.7395022,44.8466596"
2026-03-01,Turvand,магазин: doityourself,Гюмри,,,,,,,https://www.openstreetmap.org/node/13609272587,"https://www.google.com/maps/search/?api=1&query=40.7958585,43.8525858"
2026-03-01,ProfiGym,fitness_centre,Гюмри,,,,,,,https://www.openstreetmap.org/node/13609316480,"https://www.google.com/maps/search/?api=1&query=40.7979271,43.855828"
2026-02-26,Crystal Glass Windshields,магазин: car_repair,Ереван,Silachi 777 side street 777,"+397496733080, +37498733081",,,,,https://www.openstreetmap.org/way/1488526343,"https://www.google.com/maps/search/?api=1&query=40.1624523,44.5096872"
2026-02-26,Mobile Center,магазин: mobile_phone,Дилижан,Մաքսիմ Գորկու փողոց 48/4,,,,,,https://www.openstreetmap.org/way/1487741923,"https://www.google.com/maps/search/?api=1&query=40.7392789,44.8653484"
2026-02-25,GH Family Hotel,apartment,Ереван,Շրջանային փողոց 50/1,+37494351160,,,,ghfamilyhotel@gmail.com,https://www.openstreetmap.org/node/13598330287,"https://www.google.com/maps/search/?api=1&query=40.1713639,44.4659325"
2026-02-24,ARDA,clinic,Гюмри,,,,,,,https://www.openstreetmap.org/node/13595520757,"https://www.google.com/maps/search/?api=1&query=40.8180273,43.8325228"
2026-02-24,Muraz,restaurant,Дилижан,,+374 77 707059,murazdilijan,https://www.facebook.com/p/Muraz-Cafe-Cocktail-Bar-61578869972963/,murazcafe,murazcafecocktailbar@outlook.com,https://www.openstreetmap.org/node/13596066215,"https://www.google.com/maps/search/?api=1&query=40.7384897,44.8656889"
2026-02-24,Թոնիր,магазин: bbq,Дилижан,,,,,,,https://www.openstreetmap.org/node/13596066216,"https://www.google.com/maps/search/?api=1&query=40.7384349,44.8657099"
2026-02-10,Zara,магазин: clothes,Дилижан,,,,,,,https://www.openstreetmap.org/node/13540624102,"https://www.google.com/maps/search/?api=1&query=40.7408135,44.8467567"
2026-02-10,Asine,guest_house,Дилижан,Գետափնյա փողոց 80/3,+374 93 890870,,https://www.facebook.com/profile.php?id=100063908319460,,,https://www.openstreetmap.org/way/1478654335,"https://www.google.com/maps/search/?api=1&query=40.7404672,44.8412571"
2026-02-10,Dilijan Resort,restaurant,Дилижан,,+374 55 047755,,,,,https://www.openstreetmap.org/way/1478664594,"https://www.google.com/maps/search/?api=1&query=40.7391797,44.8416598"
2026-02-08,Coffee Hub,cafe,Ереван,,,,,,,https://www.openstreetmap.org/node/13534178397,"https://www.google.com/maps/search/?api=1&query=40.1808221,44.5059674"
2026-02-08,Aridrink,bar,Ереван,,,,,,,https://www.openstreetmap.org/node/13534178399,"https://www.google.com/maps/search/?api=1&query=40.180017,44.5062712"
2026-02-08,Astera,магазин: travel_agency,Ереван,,,,,,,https://www.openstreetmap.org/node/13534178400,"https://www.google.com/maps/search/?api=1&query=40.1799182,44.506149"
2026-02-08,Espiro,cafe,Ереван,,,,,,,https://www.openstreetmap.org/node/13534237307,"https://www.google.com/maps/search/?api=1&query=40.1799763,44.5070121"
2026-02-08,Plaza Viktoria Yerevan,hotel,Ереван,,,,,,,https://www.openstreetmap.org/node/13534275465,"https://www.google.com/maps/search/?api=1&query=40.1659264,44.5105804"
2026-02-08,Adina Style,магазин: clothes,Дилижан,,,,,,,https://www.openstreetmap.org/node/13535172238,"https://www.google.com/maps/search/?api=1&query=40.7410875,44.8425211"
2026-02-08,Manchook,магазин: clothes,Дилижан,,,,,,,https://www.openstreetmap.org/node/13535172308,"https://www.google.com/maps/search/?api=1&query=40.7408158,44.8422866"
2026-02-08,Լիլի,магазин: beauty,Дилижан,Միխայիլ Կալինինի փողոց 224/1,+374 94 400393,,lili.gegec.kut.yan.srah,,,https://www.openstreetmap.org/way/1475380749,"https://www.google.com/maps/search/?api=1&query=40.7410603,44.8405726"
2026-02-08,Adina style,магазин: clothes,Дилижан,,,,,,,https://www.openstreetmap.org/way/1475380752,"https://www.google.com/maps/search/?api=1&query=40.7410491,44.8422035"
2026-02-08,Land Invest Group,офис: estate_agent,Дилижан,,+374 10 222222,land_invest_group_,https://www.facebook.com/profile.php?id=61577323960011,,,https://www.openstreetmap.org/way/1475380783,"https://www.google.com/maps/search/?api=1&query=40.7404088,44.8420495"
2026-02-08,hair'izma,магазин: beauty,Дилижан,Գետափնյա փողոց 76/4,+374 33 039966,hairizma_dilijan,,,,https://www.openstreetmap.org/way/1475392521,"https://www.google.com/maps/search/?api=1&query=40.7403808,44.8429992"
2026-02-07,Nalbandyan Apartment,apartment,Ереван,,,,,,,https://www.openstreetmap.org/node/13531646691,"https://www.google.com/maps/search/?api=1&query=40.1824516,44.5210985"
2026-02-02,Emil Yavryan,производство/мастерская: photographer,Ванадзор,,,,,,,https://www.openstreetmap.org/way/1473671937,"https://www.google.com/maps/search/?api=1&query=40.8104829,44.4910868"
2026-02-02,Մշո Տուն,cafe,Дилижан,Միխայիլ Կալինինի փողոց 234/1,+374 77 445063,,,,,https://www.openstreetmap.org/way/1475380740,"https://www.google.com/maps/search/?api=1&query=40.7411382,44.8395713"
2026-02-02,Picasso,cafe,Дилижан,Միխայիլ Կալինինի փողոց 220/1,+374 91 999780,picasso.cafe_dilijan,https://www.facebook.com/profile.php?id=61573601336611,,,https://www.openstreetmap.org/way/1475380748,"https://www.google.com/maps/search/?api=1&query=40.7410695,44.8408292"
2026-02-01,19,fitness_centre,Ереван,,+37495071919,,,,,https://www.openstreetmap.org/node/13516725878,"https://www.google.com/maps/search/?api=1&query=40.201039,44.49068"
2026-02-01,SK Beauty,магазин: beauty,Дилижан,,+374 99 057596,sk_beauty_dilijan,,,,https://www.openstreetmap.org/node/13518336570,"https://www.google.com/maps/search/?api=1&query=40.751247,44.8358386"
2026-01-29,Վանաձորի Գրիգոր Հախինյանի Անվան Երաժշտական Դպրոց,music_school,Ванадзор,,,,,,,https://www.openstreetmap.org/node/13509806113,"https://www.google.com/maps/search/?api=1&query=40.797803,44.5107224"
2026-01-29,Ստոմատոլոգիական Պոլիկլինիկա №2,dentist,Ванадзор,,,,,,,https://www.openstreetmap.org/node/13509806114,"https://www.google.com/maps/search/?api=1&query=40.7977522,44.5108932"
2026-01-29,A Frame Dili Lanj,guest_house,Дилижан,Այգեստանի 2-րդ նրբանցք 12-14,+374 55 132606,a_frame_dililanj,,,,https://www.openstreetmap.org/way/1473476930,"https://www.google.com/maps/search/?api=1&query=40.7498857,44.8314091"
2026-01-29,Ariverev,guest_house,Дилижан,Այգեստանի 1-րդ նրբանցք 12/12,+374 99 939039,ariverev_dilijan,,,,https://www.openstreetmap.org/way/1473476934,"https://www.google.com/maps/search/?api=1&query=40.7519858,44.8328351"
2026-01-29,Dilijan Nature Cabin,guest_house,Дилижан,Շամախյան փողոց 150/1,+374 91 198568,https://www.instagram.com/dilicabin/,https://www.facebook.com/profile.php?id=61555335207324,,dilicabin@gmail.com,https://www.openstreetmap.org/way/1473476940,"https://www.google.com/maps/search/?api=1&query=40.7583968,44.8383175"
2026-01-28,Բարի Լույս,магазин: convenience,Ванадзор,,,,,,,https://www.openstreetmap.org/way/1472046315,"https://www.google.com/maps/search/?api=1&query=40.8018639,44.5254725"
2026-01-27,Original Motors,магазин: car,Абовян,,,,,,,https://www.openstreetmap.org/node/13503607553,"https://www.google.com/maps/search/?api=1&query=40.2644492,44.613517"
2026-01-26,The Gate,nightclub,Ереван,,,,,,,https://www.openstreetmap.org/node/13485269921,"https://www.google.com/maps/search/?api=1&query=40.185156,44.5160052"
2026-01-25,Ծաղիկ,магазин: gift,Ереван,,,,,,,https://www.openstreetmap.org/node/13484133701,"https://www.google.com/maps/search/?api=1&query=40.1730021,44.5046621"
2026-01-25,Ծաղիկ,магазин: gift,Ереван,,,,,,,https://www.openstreetmap.org/node/13484317901,"https://www.google.com/maps/search/?api=1&query=40.1730021,44.5046621"
2026-01-25,Dilijan One,guest_house,Дилижан,,+374 77 722966,dilijan_one_guesthouse,https://www.facebook.com/profile.php?id=100076274634450,,,https://www.openstreetmap.org/node/13484755649,"https://www.google.com/maps/search/?api=1&query=40.742569,44.8522912"
2026-01-25,One in Dilijan,guest_house,Дилижан,Այգեստանի փողոց 53,+374 99 872999,one_in_dilijan,,,,https://www.openstreetmap.org/node/13484781156,"https://www.google.com/maps/search/?api=1&query=40.75442,44.8342007"
2026-01-25,Kangar 37,guest_house,Дилижан,,+374 77 570402,kangar37_,kangar37guesthouse,,,https://www.openstreetmap.org/way/1470361072,"https://www.google.com/maps/search/?api=1&query=40.7537097,44.8393005"
2026-01-18,Վալե Հոսթել,hostel,Ереван,Նելսոն Ստեփանյան փողոց 1,0037499013020,,,,,https://www.openstreetmap.org/node/13464712601,"https://www.google.com/maps/search/?api=1&query=40.1993659,44.5686305"
2026-01-18,Вале Хостел,hostel,Ереван,Նելսոն Ստեփանյան փողոց,0037499013020,,,,,https://www.openstreetmap.org/node/13464723301,"https://www.google.com/maps/search/?api=1&query=40.1991645,44.5687339"
2026-01-16,Common Ground Books & Spirits,магазин: books,Ереван,,,,,,,https://www.openstreetmap.org/node/13462244373,"https://www.google.com/maps/search/?api=1&query=40.1825637,44.5184638"
2026-01-16,Royal Flowers,магазин: florist,Дилижан,,,,,,,https://www.openstreetmap.org/node/13461235915,"https://www.google.com/maps/search/?api=1&query=40.7397383,44.8565171"
2026-01-12,Hoja Place,camp_site,Ереван,,+37441109189,,,,,https://www.openstreetmap.org/node/13451581632,"https://www.google.com/maps/search/?api=1&query=40.1289777,44.6399869"
2026-01-11,Constant delight,магазин: cosmetics,Ереван,,,,,,,https://www.openstreetmap.org/node/13447742189,"https://www.google.com/maps/search/?api=1&query=40.196651,44.5686375"
2026-01-10,Իտալ Օպտիկ,магазин: optician,Ванадзор,,,,,,,https://www.openstreetmap.org/node/13446539387,"https://www.google.com/maps/search/?api=1&query=40.8097678,44.4891039"
2025-12-31,Black room coffee,cafe,Ереван,,,,,,,https://www.openstreetmap.org/node/13421209309,"https://www.google.com/maps/search/?api=1&query=40.1984649,44.5675651"
2025-12-28,AAA Jermuk rest house,apartment,Джермук,Շահումյան փողոց 32/3,,,,,,https://www.openstreetmap.org/node/13412674501,"https://www.google.com/maps/search/?api=1&query=39.846197,45.6846892"
2025-12-24,Dili Dom,apartment,Дилижан,Մաքսիմ Գորկու փողոց 62,,,,,,https://www.openstreetmap.org/node/13403219619,"https://www.google.com/maps/search/?api=1&query=40.742591,44.8687182"
2025-12-23,ServiceTitan Armenia,офис: company,Ереван,Տիգրան Մեծի պողոտա 16/12,,,,,,https://www.openstreetmap.org/node/13398042687,"https://www.google.com/maps/search/?api=1&query=40.1712985,44.5128047"
2025-12-23,Beauty Lab AC,магазин: beauty,Ереван,,,,,,,https://www.openstreetmap.org/node/13398815023,"https://www.google.com/maps/search/?api=1&query=40.1999551,44.5609299"
2025-12-16,HayCoff,cafe,Ереван,,,,,,,https://www.openstreetmap.org/node/13380939460,"https://www.google.com/maps/search/?api=1&query=40.2000657,44.5653638"
2025-12-15,Crepe Spot,fast_food,Ереван,,,,,,,https://www.openstreetmap.org/node/13379250328,"https://www.google.com/maps/search/?api=1&query=40.1833751,44.5273088"
2025-12-15,32 Market,магазин: convenience,Ванадзор,,,,,,,https://www.openstreetmap.org/node/13377436771,"https://www.google.com/maps/search/?api=1&query=40.8137112,44.4856904"
2025-12-15,Սիրունյան,медицина: physiotherapist,Ванадзор,,,,https://www.facebook.com/people/Sirunyan-physical-recovery-center/61553162678536/,,,https://www.openstreetmap.org/node/13377606860,"https://www.google.com/maps/search/?api=1&query=40.8024002,44.5185951"
2025-12-15,Մարսել,restaurant,Ванадзор,Ուսանողական փողոց 2,,,https://www.facebook.com/marselrestoranayinhamalir,,,https://www.openstreetmap.org/way/1458668761,"https://www.google.com/maps/search/?api=1&query=40.8020146,44.518992"
2025-12-15,Riviera,guest_house,Дилижан,Կամոյի փողոց 9/2,,,,,,https://www.openstreetmap.org/way/1459696358,"https://www.google.com/maps/search/?api=1&query=40.7260545,44.8667867"
2025-12-15,Specforma,магазин: clothes,Дилижан,,,specforma_,,,,https://www.openstreetmap.org/way/1461361325,"https://www.google.com/maps/search/?api=1&query=40.741505,44.8673715"
2025-12-15,Arman,guest_house,Дилижан,Մաքսիմ Գորկու փողոց 70,,,,,,https://www.openstreetmap.org/way/1461361329,"https://www.google.com/maps/search/?api=1&query=40.7431119,44.869167"
2025-12-15,Ara Cottage House,guest_house,Дилижан,Արցախի փողոց 1/3,+374 98 616100,ara_cottage_house_dilijan,,,,https://www.openstreetmap.org/way/1469317992,"https://www.google.com/maps/search/?api=1&query=40.7452189,44.8558572"
2025-12-15,UNO-Dili,guest_house,Дилижан,Արցախի 2-րդ նրբանցք 15,+374 77 110853,,,,,https://www.openstreetmap.org/way/1469318017,"https://www.google.com/maps/search/?api=1&query=40.7450168,44.8549551"
2025-12-15,հանգիստ անկյուն,guest_house,Дилижан,Զորավար Անդրանիկի փողոց 39/1,+374 77 999808,,hangist.ankyun.hyuratun.dilijan,,,https://www.openstreetmap.org/way/1469328975,"https://www.google.com/maps/search/?api=1&query=40.7430468,44.8585059"
2025-12-15,Thalia Garden,guest_house,Дилижан,Թումանյան փողոց 18Թ,+374 77 055830,thalia__garden_dilijan,https://www.facebook.com/profile.php?id=61577157443823,,,https://www.openstreetmap.org/way/1470361065,"https://www.google.com/maps/search/?api=1&query=40.7536774,44.8379471"
2025-12-12,Sava,bar,Ереван,Աբովյան փողոց 22,,,,,,https://www.openstreetmap.org/node/13371829857,"https://www.google.com/maps/search/?api=1&query=40.1832061,44.5185898"
2025-12-11,Check Engine,магазин: car_repair,Ереван,Գեներալ Նվեր Սաֆարյանի փողոց 142/2,,,,,,https://www.openstreetmap.org/node/13368761447,"https://www.google.com/maps/search/?api=1&query=40.2174518,44.5852888"
2025-12-11,Textile City,магазин: sewing,Ереван,,,,,,,https://www.openstreetmap.org/node/13369370737,"https://www.google.com/maps/search/?api=1&query=40.1985287,44.5682043"
2025-12-08,XEROX,магазин: copyshop,Ереван,,,,,,,https://www.openstreetmap.org/node/13362393653,"https://www.google.com/maps/search/?api=1&query=40.1813925,44.527209"
2025-12-07,the Razors barbershop,магазин: hairdresser,Ереван,Տպագրիչների փողոց 3,+374 91 964200,razorsbarbershop2023,,,,https://www.openstreetmap.org/node/13358794301,"https://www.google.com/maps/search/?api=1&query=40.1791239,44.5189521"
2025-12-07,Kaffe Spot,cafe,Ереван,Չարենցի փողոց 10,+374 77 069699,,,,,https://www.openstreetmap.org/node/13362393652,"https://www.google.com/maps/search/?api=1&query=40.1813857,44.5271651"
2025-12-06,Белорусские продукты,магазин: convenience,Ереван,,,,,,,https://www.openstreetmap.org/node/13357278474,"https://www.google.com/maps/search/?api=1&query=40.1971087,44.5684149"
2025-12-05,S&K,магазин: beauty,Ереван,,,,,,,https://www.openstreetmap.org/node/13355543376,"https://www.google.com/maps/search/?api=1&query=40.1857531,44.4609808"
2025-12-05,La Party,магазин: party,Ереван,,,,,,,https://www.openstreetmap.org/node/13355543391,"https://www.google.com/maps/search/?api=1&query=40.1959449,44.4737037"
2025-12-05,Common Ground Books & Spirits,магазин: books,Ереван,Թումանյան փողոց 26a,+374 98 855990,commonground_yerevan,commonground.yerevan,,commonground.bs@gmail.com,https://www.openstreetmap.org/node/13356423894,"https://www.google.com/maps/search/?api=1&query=40.1825349,44.5185114"
2025-12-04,EmNar,магазин: clothes,Ереван,,,,,,,https://www.openstreetmap.org/node/13352889842,"https://www.google.com/maps/search/?api=1&query=40.1965639,44.5686747"
2025-12-04,Շիրբակյան,dentist,Ереван,Վարդանանց փողոց,,,,,,https://www.openstreetmap.org/node/13353040665,"https://www.google.com/maps/search/?api=1&query=40.1779622,44.518494"
2025-12-04,Shirak,магазин: supermarket,Ереван,,,,,,,https://www.openstreetmap.org/node/13354394096,"https://www.google.com/maps/search/?api=1&query=40.1814376,44.512207"
2025-12-03,EmNar,магазин: clothes,Ереван,,,,,,,https://www.openstreetmap.org/node/13350876572,"https://www.google.com/maps/search/?api=1&query=40.196564,44.5686747"
2025-11-24,Eatoria,restaurant,Ереван,,,,,,,https://www.openstreetmap.org/node/13328788840,"https://www.google.com/maps/search/?api=1&query=40.1883055,44.5120493"
2025-11-22,Wigmore,clinic,Ереван,,,,,,,https://www.openstreetmap.org/node/13324324618,"https://www.google.com/maps/search/?api=1&query=40.2031847,44.5645739"
2025-11-22,Blood Cells,медицина: laboratory,Ереван,,,,,,,https://www.openstreetmap.org/node/13324324619,"https://www.google.com/maps/search/?api=1&query=40.2031919,44.5646025"
2025-11-22,Jerucum +,магазин: heating,Гюмри,,,,,,,https://www.openstreetmap.org/node/13324461559,"https://www.google.com/maps/search/?api=1&query=40.7987556,43.8351924"
2025-11-21,1st,магазин: clothes,Ереван,,,,,,,https://www.openstreetmap.org/node/13322646526,"https://www.google.com/maps/search/?api=1&query=40.1791995,44.5105668"
2025-11-21,W Private,магазин: clothes,Ереван,,,,,,,https://www.openstreetmap.org/node/13322646527,"https://www.google.com/maps/search/?api=1&query=40.1791611,44.5106109"
2025-11-21,Ավա,restaurant,Ереван,,,,,,,https://www.openstreetmap.org/node/13322646529,"https://www.google.com/maps/search/?api=1&query=40.1792351,44.5105213"
2025-11-19,Floriani,магазин: florist,Ереван,Հրաչյա Քոչար փողոց 19,,,,,,https://www.openstreetmap.org/node/13315845828,"https://www.google.com/maps/search/?api=1&query=40.201441,44.5013831"
2025-11-16,GM,магазин: car_repair,Ереван,,,,,,,https://www.openstreetmap.org/node/13307825077,"https://www.google.com/maps/search/?api=1&query=40.1993837,44.5693783"
2025-11-16,Aya,магазин: clothes,Ереван,,,,,,,https://www.openstreetmap.org/node/13309231498,"https://www.google.com/maps/search/?api=1&query=40.1913452,44.4634053"
2025-11-15,AM,магазин: beauty,Дилижан,,,,,,,https://www.openstreetmap.org/node/13306832856,"https://www.google.com/maps/search/?api=1&query=40.7429789,44.8727355"
2025-11-15,DilijAnYan,guest_house,Дилижан,Խորհուրդների փողոց 43/1,+374 95 044330,,,,,https://www.openstreetmap.org/way/1450977761,"https://www.google.com/maps/search/?api=1&query=40.7353396,44.8681473"
2025-11-15,Մանկապարտեզ №4,kindergarten,Дилижан,Օրջոնիկիդզեի փողոց 63/1,,,,,,https://www.openstreetmap.org/way/1451391481,"https://www.google.com/maps/search/?api=1&query=40.745979,44.8844278"
2025-11-15,Ditaket Dilijan,guest_house,Дилижан,Մոլդովական փողոց 18,+374 99 202404,ditaket_dilijan/,https://www.facebook.com/profile.php?id=61570462921721,,ditaketdilijan@gmail.com,https://www.openstreetmap.org/way/1452473336,"https://www.google.com/maps/search/?api=1&query=40.7426674,44.8313671"
2025-11-15,Saralanj Family House,guest_house,Дилижан,Սարալանջի 6-րդ նրբանցք 25,,saralanj_familyhouse,https://www.facebook.com/profile.php?id=61571418729071,,,https://www.openstreetmap.org/way/1452473360,"https://www.google.com/maps/search/?api=1&query=40.7454475,44.8407596"
2025-11-15,Eco Cottages,guest_house,Дилижан,Աթարբեկյան փողոց 7/2,+374 94 605665,eco_cottages_by_dilijanvillas,https://www.facebook.com/profile.php?id=61576388097206,,,https://www.openstreetmap.org/way/1453352258,"https://www.google.com/maps/search/?api=1&query=40.7474081,44.8785632"
2025-11-15,Dilijan Gold Resort 2,guest_house,Дилижан,Սարի փողոց 12/1,+374 94 457484,dilijangold._.resort/,https://www.facebook.com/p/Dilijan-GOLD-resort-61553627525890/,,,https://www.openstreetmap.org/way/1454514062,"https://www.google.com/maps/search/?api=1&query=40.7430204,44.8860777"
2025-11-15,Dilijan Gold Resort 3,guest_house,Дилижан,Սարի փողոց 12/2,+374 94 457484,dilijangold._.resort/,https://www.facebook.com/p/Dilijan-GOLD-resort-61553627525890/,,,https://www.openstreetmap.org/way/1454514063,"https://www.google.com/maps/search/?api=1&query=40.7429643,44.8862299"
2025-11-15,Խորովածի բակ,restaurant,Дилижан,Մաքսիմ Գորկու փողոց 2/1,,,,,,https://www.openstreetmap.org/way/1458124138,"https://www.google.com/maps/search/?api=1&query=40.7326615,44.8661516"
2025-11-11,Sofia Beauty Studio,магазин: beauty,Ереван,Ծարավ Աղբյուրի փողոց 55/8,,,,,,https://www.openstreetmap.org/node/13295953087,"https://www.google.com/maps/search/?api=1&query=40.217252,44.5489918"
2025-11-11,Has,магазин: beauty,Дилижан,,,,,,,https://www.openstreetmap.org/node/13299689938,"https://www.google.com/maps/search/?api=1&query=40.7531369,44.8924386"
2025-11-11,Verinn Apart Hotel,hotel,Дилижан,,+374 98 244 422,verinn.apart.hotel,,verinn_apart,,https://www.openstreetmap.org/node/13300645622,"https://www.google.com/maps/search/?api=1&query=40.7407237,44.8394938"
2025-11-10,Ֆիեստա,магазин: houseware,Ереван,,,,,,,https://www.openstreetmap.org/way/1449380225,"https://www.google.com/maps/search/?api=1&query=40.2087973,44.4687732"
2025-11-10,Bond House Dilijan,hotel,Дилижан,Կալինինի 4-րդ նրբանցք 21,+374 77 367007,bondhouse_dilijan,https://www.facebook.com/p/Bond-House-Dilijan-61577048086567/,,bondhouse07007@gmail.com,https://www.openstreetmap.org/way/1450139725,"https://www.google.com/maps/search/?api=1&query=40.7437333,44.8356252"
2025-11-10,Termoros,магазин: appliance,Дилижан,Միխայիլ Կալինինի փողոց 243/2,,,,,,https://www.openstreetmap.org/way/1450142866,"https://www.google.com/maps/search/?api=1&query=40.7409062,44.8402022"
2025-11-10,Paws,veterinary,Дилижан,Գետափնյա փողոց 6/1,+374 44 994299,,,,,https://www.openstreetmap.org/way/1450320320,"https://www.google.com/maps/search/?api=1&query=40.7384382,44.8524838"
2025-11-10,Dilijan Aqualin Villa,guest_house,Дилижан,Տիգրան Պետրոսյանի 1-ին նրբանցք 11,+374 44 930088,dilijan_aqualin_villa,https://www.facebook.com/profile.php?id=61580384163512,,,https://www.openstreetmap.org/way/1450407807,"https://www.google.com/maps/search/?api=1&query=40.7430176,44.8450325"
2025-11-10,Dili Drream,guest_house,Дилижан,Իվանովոյի փողոց 24/1,+374 41 535531,dili.dream,,,,https://www.openstreetmap.org/way/1450413767,"https://www.google.com/maps/search/?api=1&query=40.7428056,44.8531037"
2025-11-10,Coffee Dili,магазин: coffee,Дилижан,,+374 55 959916,coffee_dili_shop,https://www.facebook.com/profile.php?id=100066868211507,,coffeedili@mail.ru,https://www.openstreetmap.org/way/1450416420,"https://www.google.com/maps/search/?api=1&query=40.7410525,44.8431578"
2025-11-10,Cottage Chalet And Tours,hotel,Дилижан,Սարալանջ 4-ին նրբանցք 1,+374 77 590404,hotel_chalet_and_tours,HotelChaletandTours,,grigashot@yandex.ru,https://www.openstreetmap.org/way/1450739182,"https://www.google.com/maps/search/?api=1&query=40.7462616,44.8370984"
2025-11-10,Magic Dilijan,guest_house,Дилижан,Տիգրան Պետրոսյանի 3-րդ նրբանցք 8/1,+374 55 222527,magic_dilijan,https://www.facebook.com/p/Magic-Dilijan-61555300416194/,,magicdilijan@gmail.com,https://www.openstreetmap.org/way/1450770806,"https://www.google.com/maps/search/?api=1&query=40.7445895,44.8478241"
2025-11-10,Tanik Dilijan,guest_house,Дилижан,Տիգրան Պետրոսյան փողոց 2/2,+374 93 703553,tanik.dilijan,https://www.facebook.com/profile.php?id=61567131394990,,tanikguesthouse@gmail.com,https://www.openstreetmap.org/way/1450770823,"https://www.google.com/maps/search/?api=1&query=40.7457991,44.8468921"
2025-11-10,Miracle View,guest_house,Дилижан,Տիգրան Պետրոսյան փողոց 3/3,+374 99 663333,dilijan_miracle_view,Miracle.View.Dilijan,,,https://www.openstreetmap.org/way/1450770824,"https://www.google.com/maps/search/?api=1&query=40.7459105,44.8465745"
2025-11-10,Villa Bianca,guest_house,Дилижан,Տիգրան Պետրոսյանի 1-ին նրբանցք 31,+374 55 888798,villabianca_dilijan,myhobby.am,,myhobby.am@gmail.com,https://www.openstreetmap.org/way/1450770846,"https://www.google.com/maps/search/?api=1&query=40.7434854,44.8442395"
2025-11-10,Home Jan Dilijan,guest_house,Дилижан,Սարալանջի 2-ին նրբանցք 23,+374 93 396292,home_jan_dilijan,,,,https://www.openstreetmap.org/way/1450770870,"https://www.google.com/maps/search/?api=1&query=40.7481191,44.8394373"
2025-11-10,Jans,guest_house,Дилижан,Սարալանջի 9-րդ նրբանցք 15,+374 99 887709,hotel_jans,,,,https://www.openstreetmap.org/way/1450770893,"https://www.google.com/maps/search/?api=1&query=40.742786,44.8395101"
2025-11-09,BH Beer House,магазин: alcohol,Ереван,,,,,,,https://www.openstreetmap.org/node/13290295155,"https://www.google.com/maps/search/?api=1&query=40.1987641,44.5738642"
2025-11-08,47,магазин: jewelry,Ереван,,,,,,,https://www.openstreetmap.org/node/13288308671,"https://www.google.com/maps/search/?api=1&query=40.1774974,44.502899"
2025-11-07,My smoke,магазин: tobacco,Ереван,,,,,,,https://www.openstreetmap.org/node/13287702159,"https://www.google.com/maps/search/?api=1&query=40.1885143,44.5143584"
2025-11-05,Bio light,магазин: beauty,Ереван,,,https://www.instagram.com/bio_light,,,,https://www.openstreetmap.org/node/13287204352,"https://www.google.com/maps/search/?api=1&query=40.1998937,44.5706926"
2025-11-04,Phobo,restaurant,Ереван,Հանրապետության փողոց 2-րդ նրբանցք 71,,,,,,https://www.openstreetmap.org/node/13279381201,"https://www.google.com/maps/search/?api=1&query=40.1785449,44.5199784"
2025-11-04,Վիտա Դենտ,dentist,Ереван,,,,,,,https://www.openstreetmap.org/node/13281311459,"https://www.google.com/maps/search/?api=1&query=40.1764395,44.5201851"
2025-11-03,Phoenix,restaurant,Ереван,,,,,,,https://www.openstreetmap.org/node/13276802786,"https://www.google.com/maps/search/?api=1&query=40.1792053,44.5097536"
2025-11-03,Armenia realty,офис: estate_agent,Ереван,,,,,,,https://www.openstreetmap.org/node/13276802789,"https://www.google.com/maps/search/?api=1&query=40.1792397,44.5097989"
2025-11-03,ԲԱ ԿԵՐ,магазин: kiosk,Ереван,Ավետիք Իսահակյան փողոց 13/4,,ba.ker.bao,,,,https://www.openstreetmap.org/way/1447035220,"https://www.google.com/maps/search/?api=1&query=40.1891549,44.5167031"
2025-11-03,Dili House,restaurant,Дилижан,Մյասնիկյան փողոց,,,,,,https://www.openstreetmap.org/way/1447175602,"https://www.google.com/maps/search/?api=1&query=40.7386188,44.8679094"
2025-11-03,Anyutis,магазин: clothes,Дилижан,Մյասնիկյան փողոց 30/3,,anyu.tis/,,,,https://www.openstreetmap.org/way/1447175603,"https://www.google.com/maps/search/?api=1&query=40.7386083,44.8678405"
2025-11-03,Bookshop Dilijan,магазин: books,Дилижан,Մաքսիմ Գորկու փողոց 52/1,,bookshop.dilijan,,,,https://www.openstreetmap.org/way/1447175607,"https://www.google.com/maps/search/?api=1&query=40.7396369,44.8657487"
2025-11-02,Working Class Coffee,магазин: coffee,Ереван,,,working_class_coffee,,,,https://www.openstreetmap.org/node/13275890801,"https://www.google.com/maps/search/?api=1&query=40.1794944,44.5183669"
2025-10-27,Working Class Coffee,магазин: coffee,Ереван,,,working_class_coffee,,,,https://www.openstreetmap.org/node/13260787601,"https://www.google.com/maps/search/?api=1&query=40.1794714,44.5184074"
2025-10-25,Degusto food studio,fast_food,Ереван,,,,,,,https://www.openstreetmap.org/node/13255953637,"https://www.google.com/maps/search/?api=1&query=40.1982386,44.568073"
2025-10-25,Grillian,restaurant,Ереван,Tumanyan street 32,,,,,,https://www.openstreetmap.org/node/13256074103,"https://www.google.com/maps/search/?api=1&query=40.1833603,44.5163996"
2025-10-25,Pulpulak,bar,Ереван,Արամի փողոց 2,+374 55 308998,pulpulak_yvn,https://www.facebook.com/p/Pulpulak-61557654462499/,,,https://www.openstreetmap.org/node/13256493301,"https://www.google.com/maps/search/?api=1&query=40.1788285,44.5150672"
2025-10-24,Lucha Tacos,restaurant,Ереван,Tumanyan street 15,,,,,,https://www.openstreetmap.org/node/13254222501,"https://www.google.com/maps/search/?api=1&query=40.1813615,44.5186667"
2025-10-24,Vape Shop Dilijan,магазин: e-cigarette,Дилижан,,+37455203505,vape_shop_dilijan,,,,https://www.openstreetmap.org/node/13254358794,"https://www.google.com/maps/search/?api=1&query=40.7432241,44.872633"
2025-10-22,Les Nereides,магазин: yes,Ереван,Մեսրոպ Մաշտոցի պողոտա,,,,,,https://www.openstreetmap.org/node/13250581464,"https://www.google.com/maps/search/?api=1&query=40.1807788,44.5071448"
2025-10-16,Omo,cafe,Ереван,,,,,,,https://www.openstreetmap.org/node/13240645439,"https://www.google.com/maps/search/?api=1&query=40.2015884,44.4963442"
2025-10-16,Takhta,restaurant,Дилижан,,,takhta_rest,,,,https://www.openstreetmap.org/node/13241125411,"https://www.google.com/maps/search/?api=1&query=40.7439243,44.8820731"
2025-10-15,Sushi Sakura,restaurant,Гюмри,Haghtanak Avenue 3,,,,,,https://www.openstreetmap.org/node/13235092601,"https://www.google.com/maps/search/?api=1&query=40.7863159,43.8459801"
2025-10-11,SOS,driving_school,Дилижан,,+374 91 739855,,,,,https://www.openstreetmap.org/node/13227637386,"https://www.google.com/maps/search/?api=1&query=40.7415606,44.8725312"
2025-10-10,Highland hostel,hostel,Ереван,Mesrop Mashtots Avenue 18,,,,,,https://www.openstreetmap.org/node/13206506001,"https://www.google.com/maps/search/?api=1&query=40.1800813,44.5071842"
2025-10-04,Nani,fast_food,Ереван,улица Туманяна 19,,,,,,https://www.openstreetmap.org/node/13192306201,"https://www.google.com/maps/search/?api=1&query=40.1827638,44.5166836"
2025-10-04,NL,магазин: clothes,Ереван,,,,,,,https://www.openstreetmap.org/node/13192477801,"https://www.google.com/maps/search/?api=1&query=40.1822973,44.511561"
2025-10-04,Bird games club,bar,Ереван,,,,,,,https://www.openstreetmap.org/node/13194151676,"https://www.google.com/maps/search/?api=1&query=40.180207,44.5032173"
2025-10-04,Red Hotel,hotel,Ереван,,,,,,,https://www.openstreetmap.org/node/13194227511,"https://www.google.com/maps/search/?api=1&query=40.1722263,44.527915"
2025-10-03,Rubicone,ice_cream,Ереван,улица Абовяна 30,,,,,,https://www.openstreetmap.org/node/13190848501,"https://www.google.com/maps/search/?api=1&query=40.1848665,44.5205475"
2025-10-03,Cool Club,магазин: clothes,Ереван,улица Абовяна 20,,,,,,https://www.openstreetmap.org/node/13190867301,"https://www.google.com/maps/search/?api=1&query=40.1827419,44.518076"
2025-10-02,Старый дворик,cafe,Ереван,улица Руставели 4/2,,,,,,https://www.openstreetmap.org/node/13188717901,"https://www.google.com/maps/search/?api=1&query=40.1807377,44.5017409"
