name,category,city,linkedin,website,socials,phone,email,instagram,lead_type,score,problems
Car Sharing Yerevan,прокат авто,Ереван,https://www.linkedin.com/company/car-sharing-yerevan-economy-car-rental-in-yerevan,carsharing.am,,,,,устаревший сайт,90,сертификат HTTPS сломан (браузер пугает посетителей)
TIMELESS LLC,ювелирка,,https://www.linkedin.com/company/timearmenia,timeless.am,,,,,устаревший сайт,90,сертификат HTTPS сломан (браузер пугает посетителей)
Alex Retail Company LLC,производство,,https://www.linkedin.com/company/alex-retail-company-llc,http://alex.am,,,,,устаревший сайт,80,"нет HTTPS (Chrome пишет «Не защищено»); не адаптирован под телефон (нет viewport); устаревшие теги (Flash/marquee/font/frames); похоже, только один язык (туристы не поймут); нет кликабельного телефона/мессенджера"
Alex Home,электроника,,https://www.linkedin.com/company/alexhome,http://alex.am,,,,,устаревший сайт,80,"нет HTTPS (Chrome пишет «Не защищено»); не адаптирован под телефон (нет viewport); устаревшие теги (Flash/marquee/font/frames); похоже, только один язык (туристы не поймут); нет кликабельного телефона/мессенджера"
Mkrtchyan Mental Care Clinic,клиника,Ереван,https://www.linkedin.com/company/mkrtchyan-mental-care-clinic,http://mkrtchyan.com,,,,,устаревший сайт,70,"нет HTTPS (Chrome пишет «Не защищено»); не адаптирован под телефон (нет viewport); похоже, только один язык (туристы не поймут); нет кликабельного телефона/мессенджера; нет онлайн-брони/заказа"
Berlin ART Hotel,отель,Гюмри,https://www.linkedin.com/company/berlin-art-hotel,http://berlin.com,,"+374 312 5 76 59,",info@berlinhotel-gyumri.am,,устаревший сайт,70,"нет HTTPS (Chrome пишет «Не защищено»); не адаптирован под телефон (нет viewport); похоже, только один язык (туристы не поймут); нет кликабельного телефона/мессенджера; нет онлайн-брони/заказа"
HireNet HRM outsourcing,HR-агентство,Ереван,https://www.linkedin.com/company/hirenet-armenia,http://www.hirenet.com/,,,,,устаревший сайт,65,"нет HTTPS (Chrome пишет «Не защищено»); не адаптирован под телефон (нет viewport); похоже, только один язык (туристы не поймут); нет кликабельного телефона/мессенджера"
British International School of Armenia,детсад/школа,Ереван,https://www.linkedin.com/company/britishschool,http://www.british.com/,,,,,устаревший сайт,65,"нет HTTPS (Chrome пишет «Не защищено»); не адаптирован под телефон (нет viewport); похоже, только один язык (туристы не поймут); нет кликабельного телефона/мессенджера"
Legal Alliance Law Firm,юристы,,https://www.linkedin.com/company/-legal-alliance-law-firm,https://legal.am,,,,,устаревший сайт,65,"не адаптирован под телефон (нет viewport); устаревшие теги (Flash/marquee/font/frames); похоже, только один язык (туристы не поймут); нет кликабельного телефона/мессенджера; нет онлайн-брони/заказа"
Garun.am,цветы,,https://www.linkedin.com/company/garun.am,https://garun.am,,,,,устаревший сайт,55,"в подвале © 2022: сайт давно не обновляли; старый jQuery 1.11; похоже, только один язык (туристы не поймут); нет кликабельного телефона/мессенджера; грузится медленно (4.8 c)"
Alpha Accounting,бухгалтерия,,https://www.linkedin.com/company/alpha-accounting-armenia,https://alpha.am,,,,,устаревший сайт,50,"не адаптирован под телефон (нет viewport); похоже, только один язык (туристы не поймут); нет кликабельного телефона/мессенджера; нет онлайн-брони/заказа"
Alpha Food Service,кейтеринг,,https://www.linkedin.com/company/alpha-food-service,https://alpha.am,,,,,устаревший сайт,50,"не адаптирован под телефон (нет viewport); похоже, только один язык (туристы не поймут); нет кликабельного телефона/мессенджера; нет онлайн-брони/заказа"
Voyage Armenia Tour Agency,турагентство,Ереван,https://www.linkedin.com/company/voyage-armenia,https://www.voyage.com/,,,,,устаревший сайт,50,"не адаптирован под телефон (нет viewport); похоже, только один язык (туристы не поймут); нет кликабельного телефона/мессенджера; нет онлайн-брони/заказа"
AKG Pharmacy,аптека,Ереван,https://www.linkedin.com/company/akgpharmacy,http://akgpharmacy.com,,,,,устаревший сайт,45,"нет HTTPS (Chrome пишет «Не защищено»); похоже, только один язык (туристы не поймут); нет кликабельного телефона/мессенджера; нет онлайн-брони/заказа"
Dargett,бар,Ереван,https://www.linkedin.com/company/dargett,http://dargett.am,,,,,устаревший сайт,45,"нет HTTPS (Chrome пишет «Не защищено»); похоже, только один язык (туристы не поймут); нет кликабельного телефона/мессенджера; нет онлайн-брони/заказа"
"Paradigma Armenia Accounting, Consulting and Research",бухгалтерия,,https://www.linkedin.com/company/paradigma-armenia-accounting-consulting-and-research-company,http://paradigma.am/cgi-sys/suspendedpage.cgi,,,,,устаревший сайт,45,"нет HTTPS (Chrome пишет «Не защищено»); похоже, только один язык (туристы не поймут); нет кликабельного телефона/мессенджера; нет онлайн-брони/заказа"
WineWorks CJSC,вино,,https://www.linkedin.com/company/wineworks-cjsc,http://wineworks.am/cgi-sys/suspendedpage.cgi,,,,,устаревший сайт,45,"нет HTTPS (Chrome пишет «Не защищено»); похоже, только один язык (туристы не поймут); нет кликабельного телефона/мессенджера; нет онлайн-брони/заказа"
General Standard Consulting LLC (GSC),консалтинг,Ереван,https://www.linkedin.com/company/gsc-llc,http://general.am,,,,,устаревший сайт,45,"нет HTTPS (Chrome пишет «Не защищено»); похоже, только один язык (туристы не поймут); нет кликабельного телефона/мессенджера; нет онлайн-брони/заказа"
Ideal Team Group Armenia,консалтинг,,https://www.linkedin.com/company/ideal-team-group-armenia,http://ideal.am,,,,,устаревший сайт,45,"нет HTTPS (Chrome пишет «Не защищено»); устаревшие теги (Flash/marquee/font/frames); похоже, только один язык (туристы не поймут)"
Jurisdiction Armenia Registrations Fostering Office CJSC,консалтинг,,https://www.linkedin.com/company/jurisdiction-armenia-registrations-fostering-office-cjsc,https://jurisdiction.com,,,,,устаревший сайт,45,"не адаптирован под телефон (нет viewport); похоже, только один язык (туристы не поймут); нет кликабельного телефона/мессенджера"
Hotel Dilijan Resort,курорт,Дилижан,https://www.linkedin.com/company/hotel-dilijan-resort,https://dilijan.am,,+374 55 047755,,,устаревший сайт,45,"не адаптирован под телефон (нет viewport); похоже, только один язык (туристы не поймут); нет кликабельного телефона/мессенджера"
Dilijan Inn Hotel and Restaurant,отель,Дилижан,https://www.linkedin.com/company/dilijan-inn-hotel,https://dilijan.am,,,,,устаревший сайт,45,"не адаптирован под телефон (нет viewport); похоже, только один язык (туристы не поймут); нет кликабельного телефона/мессенджера"
Hayasa Hospitality Group,отель,Ереван,https://www.linkedin.com/company/hayasa-hotel-yerevan,http://hayasa.am,,,,,устаревший сайт,45,"нет HTTPS (Chrome пишет «Не защищено»); похоже, только один язык (туристы не поймут); нет кликабельного телефона/мессенджера; нет онлайн-брони/заказа"
Stay Inn Apartments,отель,Ереван,https://www.linkedin.com/company/armenia-tour-am-armt,http://stay.am,,,,,устаревший сайт,45,"нет HTTPS (Chrome пишет «Не защищено»); похоже, только один язык (туристы не поймут); нет кликабельного телефона/мессенджера; нет онлайн-брони/заказа"
Premier Foods LLC,производство еды,,https://www.linkedin.com/company/premierfoods-llc,http://premier.am,,,,,устаревший сайт,45,"нет HTTPS (Chrome пишет «Не защищено»); похоже, только один язык (туристы не поймут); нет кликабельного телефона/мессенджера; нет онлайн-брони/заказа"
Premium Ingredients LLC,производство еды,,https://www.linkedin.com/company/premium-ingredients-llc,https://help.premium.com/closed,,,,,устаревший сайт,45,"не адаптирован под телефон (нет viewport); похоже, только один язык (туристы не поймут); нет кликабельного телефона/мессенджера"
Santafe Cafe and Restaurant,ресторан,,https://www.linkedin.com/company/santafe-cafe-and-restaurant,http://santafe.am/cgi-sys/suspendedpage.cgi,,,,,устаревший сайт,45,"нет HTTPS (Chrome пишет «Не защищено»); похоже, только один язык (туристы не поймут); нет кликабельного телефона/мессенджера; нет онлайн-брони/заказа"
ELVA Dental Clinic,стоматология,Ереван,https://www.linkedin.com/company/elva-dental-cliinic,https://elva-archive.com/,,,,,устаревший сайт,45,"не адаптирован под телефон (нет viewport); похоже, только один язык (туристы не поймут); нет кликабельного телефона/мессенджера"
Print City Armenia,типография,,https://www.linkedin.com/company/print-city-armenia,https://print.am,,,,,устаревший сайт,45,"не адаптирован под телефон (нет viewport); похоже, только один язык (туристы не поймут); нет кликабельного телефона/мессенджера"
Armenia Travel,турагентство,,https://www.linkedin.com/company/armenia-travel,http://armenia-travel.com,,"+374 10 56 36 67,+374 10 54 53 30,+374 10 56 21 04",incoming@armeniatravel.am,,устаревший сайт,45,нет HTTPS (Chrome пишет «Не защищено»); в подвале © 2018: сайт давно не обновляли; нет кликабельного телефона/мессенджера
Multi Wellness Center,фитнес,Ереван,https://www.linkedin.com/company/multiwellnesscenter,http://multi.am,,,,,устаревший сайт,45,"нет HTTPS (Chrome пишет «Не защищено»); похоже, только один язык (туристы не поймут); нет кликабельного телефона/мессенджера; нет онлайн-брони/заказа"
European School in Armenia,детсад/школа,Ереван,https://www.linkedin.com/company/european-school-in-armenia,http://european.com,,,,,устаревший сайт,40,"нет HTTPS (Chrome пишет «Не защищено»); похоже, только один язык (туристы не поймут); нет кликабельного телефона/мессенджера"
Princess Maneh Tours,турагентство,,https://www.linkedin.com/company/princess-maneh-tours-armenia,http://princess.am,,"+374 10 58 24 57,+374 10 58 24 75,+374 91 40 46 97",,,устаревший сайт,40,"нет HTTPS (Chrome пишет «Не защищено»); похоже, только один язык (туристы не поймут); нет кликабельного телефона/мессенджера"
Your Jurisconsult LLC,юристы,,https://www.linkedin.com/company/law-firm-in-armenia-your-jurisconsult-llc,http://your.am,,,,,устаревший сайт,40,"нет HTTPS (Chrome пишет «Не защищено»); похоже, только один язык (туристы не поймут); нет кликабельного телефона/мессенджера"
SonRise Language School,языковая школа,Ереван,https://www.linkedin.com/company/sonrise-language-school,https://www.sonrise.com/,,,,,устаревший сайт,40,"в подвале © 2019: сайт давно не обновляли; сделан на конструкторе (ограничения, нет своей админки); похоже, только один язык (туристы не поймут); нет кликабельного телефона/мессенджера"
QuickStaffing HR,HR-агентство,,https://www.linkedin.com/company/quickstaffing,,,,,,сайт не найден,90,"сайт не нашёлся ни поиском, ни по домену: проверить поле Website на LinkedIn"
Fine Cars of Armenia,автосалон,Ереван,https://www.linkedin.com/company/fine-cars-of-armenia,,,,,,сайт не найден,90,"сайт не нашёлся ни поиском, ни по домену: проверить поле Website на LinkedIn"
Eapteka.am,аптека,Ереван,https://www.linkedin.com/company/eapteka-am,,,,,,сайт не найден,90,"сайт не нашёлся ни поиском, ни по домену: проверить поле Website на LinkedIn"
Daap Architecture Studio,архитектура,,https://www.linkedin.com/company/daap-architecture-studio,,,,,,сайт не найден,90,"сайт не нашёлся ни поиском, ни по домену: проверить поле Website на LinkedIn"
379 Brewing Company,бар,,https://www.linkedin.com/company/379-brewing-company,,,,,,сайт не найден,90,"сайт не нашёлся ни поиском, ни по домену: проверить поле Website на LinkedIn"
BLS LLC,доставка,,https://www.linkedin.com/company/barekam,,,,,,сайт не найден,90,"сайт не нашёлся ни поиском, ни по домену: проверить поле Website на LinkedIn"
WE Design Wedding Planner Armenia,ивент-агентство,,https://www.linkedin.com/company/we-design---wedding-planner-armenia,,,,,,сайт не найден,90,"сайт не нашёлся ни поиском, ни по домену: проверить поле Website на LinkedIn"
Ground Zero Specialty Café,кафе,Ереван,https://www.linkedin.com/company/groundzeroam,,,,,,сайт не найден,90,"сайт не нашёлся ни поиском, ни по домену: проверить поле Website на LinkedIn"
"""Astghik"" Medical Center",клиника,Ереван,https://www.linkedin.com/company/astghik-medical-center,,,,,,сайт не найден,90,"сайт не нашёлся ни поиском, ни по домену: проверить поле Website на LinkedIn"
A.B. MED,клиника,Ереван,https://www.linkedin.com/company/a-b-med,,,,,,сайт не найден,90,"сайт не нашёлся ни поиском, ни по домену: проверить поле Website на LinkedIn"
ARABKIR Joint Medical Centre,клиника,Ереван,https://www.linkedin.com/company/arabkir-joint-medical-centre,,,,,,сайт не найден,90,"сайт не нашёлся ни поиском, ни по домену: проверить поле Website на LinkedIn"
Erebouni Medical Center,клиника,Ереван,https://www.linkedin.com/company/erebounimedicalcenter,,,,,,сайт не найден,90,"сайт не нашёлся ни поиском, ни по домену: проверить поле Website на LinkedIn"
MHS Mental Health Service,клиника,Ереван,https://www.linkedin.com/company/mhs-mental-health-service,,,,,,сайт не найден,90,"сайт не нашёлся ни поиском, ни по домену: проверить поле Website на LinkedIn"
AE Consulting Armenia,консалтинг,,https://www.linkedin.com/company/ae-consulting-armenia,,,,,,сайт не найден,90,"сайт не нашёлся ни поиском, ни по домену: проверить поле Website на LinkedIn"
KMG Consulting Armenia,консалтинг,Ереван,https://www.linkedin.com/company/kmg-consulting-armenia,,,,,,сайт не найден,90,"сайт не нашёлся ни поиском, ни по домену: проверить поле Website на LinkedIn"
Beauté Concept by CSHP Paris,косметология,Ереван,https://www.linkedin.com/company/beauteconcept,,,,,,сайт не найден,90,"сайт не нашёлся ни поиском, ни по домену: проверить поле Website на LinkedIn"
Elix Clinic,косметология,Ереван,https://www.linkedin.com/company/elix-clinic-armenia,,,,,,сайт не найден,90,"сайт не нашёлся ни поиском, ни по домену: проверить поле Website на LinkedIn"
Felinger Collection Hotel & Spa,отель,Ереван,https://www.linkedin.com/company/felinger-collection-hotel-spa,,,,,,сайт не найден,90,"сайт не нашёлся ни поиском, ни по домену: проверить поле Website на LinkedIn"
Median Hotel,отель,Ереван,https://www.linkedin.com/company/median-hotel-yerevan,,,,,,сайт не найден,90,"сайт не нашёлся ни поиском, ни по домену: проверить поле Website на LinkedIn"
Sweet House Armenian Chocolates,пекарня,,https://www.linkedin.com/company/sweet-house-armenian-chocolates,,,,,,сайт не найден,90,"сайт не нашёлся ни поиском, ни по домену: проверить поле Website на LinkedIn"
LTA LLC Translation and Localization Services,переводы,,https://www.linkedin.com/company/lta-llc-translation-and-localization-services,,,,,,сайт не найден,90,"сайт не нашёлся ни поиском, ни по домену: проверить поле Website на LinkedIn"
Aregi Premium Products,производство еды,,https://www.linkedin.com/company/aregi-premium-products,,,,,,сайт не найден,90,"сайт не нашёлся ни поиском, ни по домену: проверить поле Website на LinkedIn"
Yerevan Chocolate Company,производство еды,Ереван,https://www.linkedin.com/company/yerevan-chocolate-company,,,,,,сайт не найден,90,"сайт не нашёлся ни поиском, ни по домену: проверить поле Website на LinkedIn"
Indian Mehak Restaurant,ресторан,Ереван,https://www.linkedin.com/company/indian-mehak-restaurant,,,,,,сайт не найден,90,"сайт не нашёлся ни поиском, ни по домену: проверить поле Website на LinkedIn"
Los Pueblos Authentic Mexican Restaurant,ресторан,Ереван,https://www.linkedin.com/company/los-pueblos-authentic-mexican-restaurant,,,,,,сайт не найден,90,"сайт не нашёлся ни поиском, ни по домену: проверить поле Website на LinkedIn"
Yeremyan Projects,ресторан,Ереван,https://www.linkedin.com/company/yeremyan-projects,,,,,,сайт не найден,90,"сайт не нашёлся ни поиском, ни по домену: проверить поле Website на LinkedIn"
AAB Construction,строительство,,https://www.linkedin.com/company/aabconstruction,,,,,,сайт не найден,90,"сайт не нашёлся ни поиском, ни по домену: проверить поле Website на LinkedIn"
Ar & Ar Design Construction LLC,строительство,Ереван,https://www.linkedin.com/company/ar-&-ar-design-construction-llc,,,,,,сайт не найден,90,"сайт не нашёлся ни поиском, ни по домену: проверить поле Website на LinkedIn"
HEZ & NEZ LLC,строительство,Ереван,https://www.linkedin.com/company/hez-nez-llc,,,,,,сайт не найден,90,"сайт не нашёлся ни поиском, ни по домену: проверить поле Website на LinkedIn"
Movsesyan and Partners Construction,строительство,Ереван,https://www.linkedin.com/company/movsesyan-and-parners-construction,,,,,,сайт не найден,90,"сайт не нашёлся ни поиском, ни по домену: проверить поле Website на LinkedIn"
SAS Group Armenia,супермаркет,,https://www.linkedin.com/company/sas-group-armenia,,,,,,сайт не найден,90,"сайт не нашёлся ни поиском, ни по домену: проверить поле Website на LinkedIn"
ESI DMC Armenia,турагентство,Ереван,https://www.linkedin.com/company/esi-dmc-armenia,,,,,,сайт не найден,90,"сайт не нашёлся ни поиском, ни по домену: проверить поле Website на LinkedIn"
Je Voyage Tour Operator,турагентство,Ереван,https://www.linkedin.com/company/je-voyage-tour-agency,,,,,,сайт не найден,90,"сайт не нашёлся ни поиском, ни по домену: проверить поле Website на LinkedIn"
Tatev Tour & Travel Agency,турагентство,,https://www.linkedin.com/company/tatev-tour-&-travel-agency,,,,,,сайт не найден,90,"сайт не нашёлся ни поиском, ни по домену: проверить поле Website на LinkedIn"
ESOLARM Testing & Training Center,учебный центр,,https://www.linkedin.com/company/esolarm-testing&training-center,,,,,,сайт не найден,90,"сайт не нашёлся ни поиском, ни по домену: проверить поле Website на LinkedIn"
IAB International Academy of Business,учебный центр,Ереван,https://www.linkedin.com/company/iab-international-academy-of-business,,,,,,сайт не найден,90,"сайт не нашёлся ни поиском, ни по домену: проверить поле Website на LinkedIn"
Yerevan Center for International Education,учебный центр,Ереван,https://www.linkedin.com/company/yerevan-center-for-international-education,,,,,,сайт не найден,90,"сайт не нашёлся ни поиском, ни по домену: проверить поле Website на LinkedIn"
FYM Hospitality Group,хостел,Ереван,https://www.linkedin.com/company/fymhospitality,,,,,,сайт не найден,90,"сайт не нашёлся ни поиском, ни по домену: проверить поле Website на LinkedIn"
Theatre Hostel in Yerevan,хостел,Ереван,https://www.linkedin.com/company/theatre-hostel-in-yerevan,,,,,,сайт не найден,90,"сайт не нашёлся ни поиском, ни по домену: проверить поле Website на LinkedIn"
VLV Centre,электроника,,https://www.linkedin.com/company/vlv-centre,,,,,,сайт не найден,90,"сайт не нашёлся ни поиском, ни по домену: проверить поле Website на LinkedIn"
Yerevan Jewellery Plant-1 Gnomon OJSC,ювелирка,Ереван,https://www.linkedin.com/company/yerevan-jewellery-plant-1-gnomon-ojsc,,,,,,сайт не найден,90,"сайт не нашёлся ни поиском, ни по домену: проверить поле Website на LinkedIn"
A.K.A. Lex Sportiva Law Office,юристы,Ереван,https://www.linkedin.com/company/a-k-a-lex-sportiva-law-office,,,,,,сайт не найден,90,"сайт не нашёлся ни поиском, ни по домену: проверить поле Website на LinkedIn"
DMG Law Office,юристы,Ереван,https://www.linkedin.com/company/dmg-armenia,,,,,,сайт не найден,90,"сайт не нашёлся ни поиском, ни по домену: проверить поле Website на LinkedIn"
K&P Law Firm LLC,юристы,Ереван,https://www.linkedin.com/company/kp-law-office-llc,,,,,,сайт не найден,90,"сайт не нашёлся ни поиском, ни по домену: проверить поле Website на LinkedIn"
Ter-Tachatyan Advocates & Legal Counsel,юристы,Ереван,https://www.linkedin.com/company/ter-tachatyan-legal-and-business-consulting-cjsc,,,,,,сайт не найден,90,"сайт не нашёлся ни поиском, ни по домену: проверить поле Website на LinkedIn"
Vardanyan & Partners Law Firm,юристы,Ереван,https://www.linkedin.com/company/vardanyan-&-partners,,,,,,сайт не найден,90,"сайт не нашёлся ни поиском, ни по домену: проверить поле Website на LinkedIn"
Yeghiazaryan & Partners Law Firm,юристы,,https://www.linkedin.com/company/yeghiazaryan-partners-law-firm,,,,,,сайт не найден,90,"сайт не нашёлся ни поиском, ни по домену: проверить поле Website на LinkedIn"
EDUCA Foreign Language Center,языковая школа,Ереван,https://www.linkedin.com/company/educa-school,,,,,,сайт не найден,90,"сайт не нашёлся ни поиском, ни по домену: проверить поле Website на LinkedIn"
ILS Armenia - International Language School,языковая школа,Ереван,https://www.linkedin.com/company/ils-armenia-international-language-school,,,,,,сайт не найден,90,"сайт не нашёлся ни поиском, ни по домену: проверить поле Website на LinkedIn"
