website,score,problems,final_url,checked
flashmotors.am,100,домен не работает (не продлён или не настроен),https://flashmotors.am,2026-09-28
http://ArusiButka.am,100,домен не работает (не продлён или не настроен),http://ArusiButka.am,2026-09-28
http://GSPOALAVOYAGE.com/SHOP,100,домен не работает (не продлён или не настроен),http://GSPOALAVOYAGE.com/SHOP,2026-09-28
http://ahotelyerevan.com/,55,"нет HTTPS (Chrome пишет «Не защищено»); старый jQuery 1.10; вёрстка таблицами (2000-е годы); сделан на конструкторе (ограничения, нет своей админки); похоже, только один язык (туристы не поймут)",http://ahotelyerevan.com/,2026-09-28
http://anis.am,100,домен не работает (не продлён или не настроен),http://anis.am,2026-09-28
http://anitour.am/,80,"нет HTTPS (Chrome пишет «Не защищено»); не адаптирован под телефон (нет viewport); устаревшие теги (Flash/marquee/font/frames); похоже, только один язык (туристы не поймут); нет кликабельного телефона/мессенджера",http://anitour.am/,2026-09-28
http://aragilrestaurant.am/,30,нет HTTPS (Chrome пишет «Не защищено»); грузится медленно (4.7 c),http://aragilrestaurant.am/,2026-09-28
http://arqayadzor.am,100,домен не работает (не продлён или не настроен),http://arqayadzor.am,2026-09-28
http://bastille.am,100,домен не работает (не продлён или не настроен),http://bastille.am,2026-09-28
http://bellissimo.am/,65,"нет HTTPS (Chrome пишет «Не защищено»); не адаптирован под телефон (нет viewport); похоже, только один язык (туристы не поймут); нет кликабельного телефона/мессенджера",http://bellissimo.am/,2026-09-28
http://boulevardhotel.am,100,домен не работает (не продлён или не настроен),http://boulevardhotel.am,2026-09-28
http://cito-lab.am,100,домен не работает (не продлён или не настроен),http://cito-lab.am,2026-09-28
http://doka.am,70,"нет HTTPS (Chrome пишет «Не защищено»); не адаптирован под телефон (нет viewport); похоже, только один язык (туристы не поймут); нет кликабельного телефона/мессенджера; нет онлайн-брони/заказа",http://doka.am,2026-09-28
http://edencafepub.com/,100,домен не работает (не продлён или не настроен),http://edencafepub.com/,2026-09-28
http://eforea.am,100,домен не работает (не продлён или не настроен),http://eforea.am,2026-09-28
http://facebook.com/ShamsDental,100,"своего сайта нет, вместо него ссылка на соцсеть/агрегатор",http://facebook.com/ShamsDental,2026-09-28
http://fb.com/Radiance2hostel,100,"своего сайта нет, вместо него ссылка на соцсеть/агрегатор",http://fb.com/Radiance2hostel,2026-09-28
http://fb.com/Shekinahhostel,100,"своего сайта нет, вместо него ссылка на соцсеть/агрегатор",http://fb.com/Shekinahhostel,2026-09-28
http://fb.me/ExpressTourllc,100,"своего сайта нет, вместо него ссылка на соцсеть/агрегатор",http://fb.me/ExpressTourllc,2026-09-28
http://ghavurma.online/,100,домен не работает (не продлён или не настроен),http://ghavurma.online/,2026-09-28
http://goldenhouse.am,100,домен не работает (не продлён или не настроен),http://goldenhouse.am,2026-09-28
http://goldenpalacehotel.am,0,,https://goldenpalacehotel.am/,2026-09-28
http://goldentour.am/,40,"нет HTTPS (Chrome пишет «Не защищено»); похоже, только один язык (туристы не поймут); нет кликабельного телефона/мессенджера",http://goldentour.am/,2026-09-28
http://gyumri-hotel.am,100,домен не работает (не продлён или не настроен),http://gyumri-hotel.am,2026-09-28
http://havana.am/,,"сайт не пускает бота (HTTP 403), проверить вручную",http://havana.am/,2026-09-28
http://hotelimperial.am/,30,нет HTTPS (Chrome пишет «Не защищено»); нет кликабельного телефона/мессенджера,http://hotelimperial.am/,2026-09-28
http://hotelroma.am,100,домен не работает (не продлён или не настроен),http://hotelroma.am,2026-09-28
http://kapous.am/,100,домен не работает (не продлён или не настроен),http://kapous.am/,2026-09-28
http://kingartur.am/,100,домен не работает (не продлён или не настроен),http://kingartur.am/,2026-09-28
http://mayrig.am,85,сайт выдаёт ошибку HTTP 500,http://mayrig.am,2026-09-28
http://meladent.am,100,домен не работает (не продлён или не настроен),http://meladent.am,2026-09-28
http://olderivan.am,40,"нет HTTPS (Chrome пишет «Не защищено»); похоже, только один язык (туристы не поймут); нет кликабельного телефона/мессенджера",http://olderivan.am,2026-09-28
http://ossanna-hotel.com,100,домен не работает (не продлён или не настроен),http://ossanna-hotel.com,2026-09-28
http://sayat-nova.com,100,домен не работает (не продлён или не настроен),http://sayat-nova.com,2026-09-28
http://shirakhotel.am/,40,"нет HTTPS (Chrome пишет «Не защищено»); похоже, только один язык (туристы не поймут); нет кликабельного телефона/мессенджера",http://new.shirakhotel.am/,2026-09-28
http://sirmed.am,30,нет HTTPS (Chrome пишет «Не защищено»); нет кликабельного телефона/мессенджера,http://sirmed.am,2026-09-28
http://slavtravel.am/,100,домен не работает (не продлён или не настроен),http://slavtravel.am/,2026-09-28
http://sportcomplexhotel.com/,10,"похоже, только один язык (туристы не поймут)",https://sportcenterhotel.com/,2026-09-28
http://voskevaz.am/,,"сайт не ответил серверу проверки (TimeoutError), проверить вручную",http://voskevaz.am/,2026-09-28
http://winetime.am,100,домен не работает (не продлён или не настроен),http://winetime.am,2026-09-28
http://www.aladdinam,100,домен не работает (не продлён или не настроен),http://www.aladdinam,2026-09-28
http://www.arabkiravia.am/,0,,https://www.arabkiravia.am:443/,2026-09-28
http://www.aragast.am,40,"нет HTTPS (Chrome пишет «Не защищено»); похоже, только один язык (туристы не поймут); нет кликабельного телефона/мессенджера",http://www.aragast.am,2026-09-28
http://www.arbe.am,40,нет HTTPS (Chrome пишет «Не защищено»); нет кликабельного телефона/мессенджера; грузится медленно (4.2 c),http://www.arbe.am,2026-09-28
http://www.armenian-tours.com,,"сайт не пускает бота (HTTP 403), проверить вручную",http://www.armenian-tours.com,2026-09-28
http://www.armsalt.am/,35,"нет HTTPS (Chrome пишет «Не защищено»); похоже, только один язык (туристы не поймут); нет онлайн-брони/заказа",http://www.armsalt.am/,2026-09-28
http://www.artashimot.info.am/,85,сайт выдаёт ошибку HTTP 404,http://www.artashimot.info.am/,2026-09-28
http://www.avangardmc.com,20,"похоже, только один язык (туристы не поймут); нет кликабельного телефона/мессенджера",https://wordpress.com/typo/?subdomain=avangardmc,2026-09-28
http://www.avanhills.am,100,домен не работает (не продлён или не настроен),http://www.avanhills.am,2026-09-28
http://www.avantgardehotel.am/,80,"нет HTTPS (Chrome пишет «Не защищено»); не адаптирован под телефон (нет viewport); в подвале © 2013: сайт давно не обновляли; похоже, только один язык (туристы не поймут); нет кликабельного телефона/мессенджера",http://www.avantgardehotel.am/,2026-09-28
http://www.avenuehostel.am,100,домен не работает (не продлён или не настроен),http://www.avenuehostel.am,2026-09-28
http://www.azur.lorange.am,100,домен не работает (не продлён или не настроен),http://www.azur.lorange.am,2026-09-28
http://www.bellagio.am,10,"похоже, только один язык (туристы не поймут)",https://www.bellagio.am/,2026-09-28
http://www.cafelaboheme.am,100,домен не работает (не продлён или не настроен),http://www.cafelaboheme.am,2026-09-28
http://www.cascadechocolateria.am/,100,домен не работает (не продлён или не настроен),http://www.cascadechocolateria.am/,2026-09-28
http://www.charles.am/,70,"нет HTTPS (Chrome пишет «Не защищено»); не адаптирован под телефон (нет viewport); похоже, только один язык (туристы не поймут); нет кликабельного телефона/мессенджера; нет онлайн-брони/заказа",http://www.charles.am/,2026-09-28
http://www.ciaobambino.am,100,домен не работает (не продлён или не настроен),http://www.ciaobambino.am,2026-09-28
http://www.citycentre.am,65,нет HTTPS (Chrome пишет «Не защищено»); не адаптирован под телефон (нет viewport); старый jQuery 1.6; нет кликабельного телефона/мессенджера,http://citycentre.am/,2026-09-28
http://www.crumbs.am/,,"сайт не пускает бота (HTTP 429), проверить вручную",http://www.crumbs.am/,2026-09-28
http://www.diamondtravel.am/,70,"нет HTTPS (Chrome пишет «Не защищено»); в подвале © 2016: сайт давно не обновляли; устаревшие теги (Flash/marquee/font/frames); похоже, только один язык (туристы не поймут); нет кликабельного телефона/мессенджера",http://www.diamondtravel.am/,2026-09-28
http://www.eurotour.am,,"сервер проверки не смог открыть сайт, проверить вручную",http://www.eurotour.am,2026-09-28
http://www.facebook.com/KFC.Armenia,100,"своего сайта нет, вместо него ссылка на соцсеть/агрегатор",http://www.facebook.com/KFC.Armenia,2026-09-28
http://www.facebook.com/MananaBeautySalon,100,"своего сайта нет, вместо него ссылка на соцсеть/агрегатор",http://www.facebook.com/MananaBeautySalon,2026-09-28
http://www.facebook.com/ceo3bbq,100,"своего сайта нет, вместо него ссылка на соцсеть/агрегатор",http://www.facebook.com/ceo3bbq,2026-09-28
http://www.facebook.com/fourchettebuffet,100,"своего сайта нет, вместо него ссылка на соцсеть/агрегатор",http://www.facebook.com/fourchettebuffet,2026-09-28
http://www.facebook.com/shamnargila,100,"своего сайта нет, вместо него ссылка на соцсеть/агрегатор",http://www.facebook.com/shamnargila,2026-09-28
http://www.facebook.com/yamatouryerevan,100,"своего сайта нет, вместо него ссылка на соцсеть/агрегатор",http://www.facebook.com/yamatouryerevan,2026-09-28
http://www.gardmantour.com/,50,"нет HTTPS (Chrome пишет «Не защищено»); старый jQuery 1.11; похоже, только один язык (туристы не поймут); нет кликабельного телефона/мессенджера",http://www.gardmantour.com/,2026-09-28
http://www.goldenkiss.am/,100,домен не работает (не продлён или не настроен),http://www.goldenkiss.am/,2026-09-28
http://www.grand-candy.am,100,домен не работает (не продлён или не настроен),http://www.grand-candy.am,2026-09-28
http://www.gshotel.am/,45,"нет HTTPS (Chrome пишет «Не защищено»); похоже, только один язык (туристы не поймут); нет кликабельного телефона/мессенджера; нет онлайн-брони/заказа",http://www.gshotel.am/,2026-09-28
http://www.gyumrifish.am,100,домен не работает (не продлён или не настроен),http://www.gyumrifish.am,2026-09-28
http://www.harsnaqar.am,100,домен не работает (не продлён или не настроен),http://www.harsnaqar.am,2026-09-28
http://www.hotelregineh.am/,100,домен не работает (не продлён или не настроен),http://www.hotelregineh.am/,2026-09-28
http://www.ibiza-hotel.am,100,домен не работает (не продлён или не настроен),http://www.ibiza-hotel.am,2026-09-28
http://www.jrs.hostel.com,90,сертификат HTTPS сломан (браузер пугает посетителей),http://www.jrs.hostel.com,2026-09-28
http://www.kadr-llc.com,100,домен не работает (не продлён или не настроен),http://www.kadr-llc.com,2026-09-28
http://www.kamurj.org,100,домен не работает (не продлён или не настроен),http://www.kamurj.org,2026-09-28
http://www.kechi.am/,100,домен не работает (не продлён или не настроен),http://www.kechi.am/,2026-09-28
http://www.kellers.am,40,"нет HTTPS (Chrome пишет «Не защищено»); похоже, только один язык (туристы не поймут); нет кликабельного телефона/мессенджера",http://www.kellers.am,2026-09-28
http://www.lia-ceramics.am,45,"нет HTTPS (Chrome пишет «Не защищено»); в подвале © 2020: сайт давно не обновляли; похоже, только один язык (туристы не поймут)",http://www.lia-ceramics.am,2026-09-28
http://www.lili-travel.com,100,домен не работает (не продлён или не настроен),http://www.lili-travel.com,2026-09-28
http://www.miacasa.am/,100,домен не работает (не продлён или не настроен),http://www.miacasa.am/,2026-09-28
http://www.narehotel.am,100,домен не работает (не продлён или не настроен),http://www.narehotel.am,2026-09-28
http://www.pahest33.am,45,"нет HTTPS (Chrome пишет «Не защищено»); похоже, только один язык (туристы не поймут); нет кликабельного телефона/мессенджера; нет онлайн-брони/заказа",http://www.pahest33.am/cgi-sys/suspendedpage.cgi,2026-09-28
http://www.pandokyerevan.com,,"сайт не ответил серверу проверки (TimeoutError), проверить вручную",http://www.pandokyerevan.com,2026-09-28
http://www.pandokyerevan.com/,,"сайт не ответил серверу проверки (TimeoutError), проверить вручную",http://www.pandokyerevan.com/,2026-09-28
http://www.piaggiogroup.am/,,"сайт не пускает бота (HTTP 403), проверить вручную",http://www.piaggiogroup.am/,2026-09-28
http://www.republicahotel.am/,20,нет HTTPS (Chrome пишет «Не защищено»),http://www.republicahotel.am/,2026-09-28
http://www.restaurantararat.com,40,"нет HTTPS (Chrome пишет «Не защищено»); похоже, только один язык (туристы не поймут); нет кликабельного телефона/мессенджера",http://www.restaurantararat.com,2026-09-28
http://www.ripa.am,70,"нет HTTPS (Chrome пишет «Не защищено»); не адаптирован под телефон (нет viewport); похоже, только один язык (туристы не поймут); нет кликабельного телефона/мессенджера; нет онлайн-брони/заказа",http://www.ripa.am,2026-09-28
http://www.seasons.am,100,домен не работает (не продлён или не настроен),http://www.seasons.am,2026-09-28
http://www.subtitle.am,100,домен не работает (не продлён или не настроен),http://www.subtitle.am,2026-09-28
http://www.sweethomeapartemts.am,100,домен не работает (не продлён или не настроен),http://www.sweethomeapartemts.am,2026-09-28
http://www.thegreenbean.am/,100,домен не работает (не продлён или не настроен),http://www.thegreenbean.am/,2026-09-28
http://www.urmia.am,55,"нет HTTPS (Chrome пишет «Не защищено»); в подвале © 2013: сайт давно не обновляли; похоже, только один язык (туристы не поймут); нет кликабельного телефона/мессенджера",http://www.urmia.am,2026-09-28
http://www.vahakni.com/,40,"нет HTTPS (Chrome пишет «Не защищено»); похоже, только один язык (туристы не поймут); нет кликабельного телефона/мессенджера",http://www.vahakni.com/,2026-09-28
http://www.venice.am/,100,домен не работает (не продлён или не настроен),http://www.venice.am/,2026-09-28
http://www.vila.am/,100,домен не работает (не продлён или не настроен),http://www.vila.am/,2026-09-28
http://www.x-planet.am,100,домен не работает (не продлён или не настроен),http://www.x-planet.am,2026-09-28
http://xinkali.am/,20,нет HTTPS (Chrome пишет «Не защищено»),http://xinkali.am/hy/,2026-09-28
http://yerevanivory.com,30,нет HTTPS (Chrome пишет «Не защищено»); нет кликабельного телефона/мессенджера,http://yerevanivory.com/en/,2026-09-28
http://youthhostel.am,100,домен не работает (не продлён или не настроен),http://youthhostel.am,2026-09-28
http://zithopia.am,100,домен не работает (не продлён или не настроен),http://zithopia.am,2026-09-28
https://202f.coffee/,100,домен не работает (не продлён или не настроен),https://202f.coffee/,2026-09-28
https://4guesthotel.com/,0,,https://4guesthotel.com/,2026-09-28
https://8polyclinic.am/,10,"похоже, только один язык (туристы не поймут)",https://baghramyan-hc.am/,2026-09-28
https://abnb.me/iJYRUO0FtY,10,нет кликабельного телефона/мессенджера,https://www.airbnb.com/,2026-09-28
https://agatdental.am/,0,,https://agatdental.am/,2026-09-28
https://airbnb.com/rooms/1135569329484058355,100,"своего сайта нет, вместо него ссылка на соцсеть/агрегатор",https://airbnb.com/rooms/1135569329484058355,2026-09-28
https://airbnb.com/rooms/1379945964115851758,100,"своего сайта нет, вместо него ссылка на соцсеть/агрегатор",https://airbnb.com/rooms/1379945964115851758,2026-09-28
https://airbnb.com/rooms/54359976,100,"своего сайта нет, вместо него ссылка на соцсеть/агрегатор",https://airbnb.com/rooms/54359976,2026-09-28
https://airbnb.com/rooms/662942564280794225,100,"своего сайта нет, вместо него ссылка на соцсеть/агрегатор",https://airbnb.com/rooms/662942564280794225,2026-09-28
https://almorpheus.github.io/keghar/,10,"похоже, только один язык (туристы не поймут)",https://keghar.am/,2026-09-28
https://altar.am/,0,,https://altar.am/,2026-09-28
https://amirapalace.am/,10,грузится медленно (5.4 c),https://amirapalace.am/hy/,2026-09-28
https://anicentralinnyerevan.com/,10,нет кликабельного телефона/мессенджера,https://anicentralinnyerevan.com/,2026-09-28
https://anigrandhotelyerevan.com/,10,нет кликабельного телефона/мессенджера,https://anigrandhotelyerevan.com/,2026-09-28
https://anihotel.com/,0,,https://anihotel.com/,2026-09-28
https://anteb.am,100,домен не работает (не продлён или не настроен),https://anteb.am,2026-09-28
https://arakshotel.am/,20,"похоже, только один язык (туристы не поймут); грузится медленно (4.9 c)",https://www.arakshotel.am/,2026-09-28
https://ararathotel.am/,0,,https://ararathotel.am/,2026-09-28
https://araratour.com/,,"сайт не пускает бота (HTTP 403), проверить вручную",https://araratour.com/,2026-09-28
https://ararattavern.am,0,,https://ararattavern.am,2026-09-28
https://areghotel.com,10,"похоже, только один язык (туристы не поймут)",https://hi2b.com/,2026-09-28
https://arman-oil.am/,,"сайт не пускает бота (HTTP 403), проверить вручную",https://arman-oil.am/,2026-09-28
https://armmaniatour.am,100,домен не работает (не продлён или не настроен),https://armmaniatour.am,2026-09-28
https://artdent.am,100,домен не работает (не продлён или не настроен),https://artdent.am,2026-09-28
https://artlunch.am/,0,,https://artlunch.am/,2026-09-28
https://artsivguesthouse.am,0,,https://artsivguesthouse.am,2026-09-28
https://asparboutiquehotel.am/,0,,https://asparboutiquehotel.am/,2026-09-28
https://atlantistour.am,50,"не адаптирован под телефон (нет viewport); похоже, только один язык (туристы не поймут); нет кликабельного телефона/мессенджера; нет онлайн-брони/заказа",https://atlantistour.am,2026-09-28
https://aureliahotel.am,0,,https://aureliahotel.am,2026-09-28
https://avanta.am/,10,"похоже, только один язык (туристы не поймут)",https://avanta.am/,2026-09-28
https://axiomed.am/,100,домен не работает (не продлён или не настроен),https://axiomed.am/,2026-09-28
https://baguetteandco.am/,25,"в подвале © 2021: сайт давно не обновляли; похоже, только один язык (туристы не поймут)",https://baguetteandco.am/,2026-09-28
https://baklachoff.com/,10,"похоже, только один язык (туристы не поймут)",https://baklachoff.com/,2026-09-28
https://barbq.am/,10,"похоже, только один язык (туристы не поймут)",https://barbq.am/,2026-09-28
https://baron.am/restaurants/,0,,https://baron.am/en-gb/restaurants/,2026-09-28
https://barsamsuites.com/,30,"похоже, только один язык (туристы не поймут); нет кликабельного телефона/мессенджера; грузится медленно (15.4 c)",https://expireddomains.com/domain/barsamsuites.com?utm_source=redi,2026-09-28
https://beatles.am/,20,"похоже, только один язык (туристы не поймут); нет кликабельного телефона/мессенджера",https://beatles.am/,2026-09-28
https://best-view-hotel.business.site,100,"сайт на Google business.site, Google отключил такие сайты в 2024: ссылка ведёт в пустоту",https://best-view-hotel.business.site,2026-09-28
https://biella.am/,0,,https://biella.am/,2026-09-28
https://bimmertown.am/,10,"похоже, только один язык (туристы не поймут)",https://bimmertown.am/,2026-09-28
https://bk.com/,20,"похоже, только один язык (туристы не поймут); нет кликабельного телефона/мессенджера",https://www.bk.com/,2026-09-28
https://bohemianresort.am/,25,в подвале © 2021: сайт давно не обновляли; нет кликабельного телефона/мессенджера,https://bohemianresort.am/,2026-09-28
https://booki.ng/2L8RhXU,20,"похоже, только один язык (туристы не поймут); нет кликабельного телефона/мессенджера",https://www.booking.com/hotel/am/sunny-holidays-hostel.en-gb.html?aid=1341020,2026-09-28
https://booking-115519.agast.ru/booking/rooms,90,сертификат HTTPS сломан (браузер пугает посетителей),https://booking-115519.agast.ru/booking/rooms,2026-09-28
https://booking.anrivatour.com,45,"нет HTTPS (Chrome пишет «Не защищено»); в подвале © 2017: сайт давно не обновляли; похоже, только один язык (туристы не поймут)",http://booking.anrivatour.com,2026-09-28
https://business.facebook.com/jermukbaghaberdrestaurant/,100,"своего сайта нет, вместо него ссылка на соцсеть/агрегатор",https://business.facebook.com/jermukbaghaberdrestaurant/,2026-09-28
https://cafecoconatali.bonee.net/,20,"похоже, только один язык (туристы не поймут); нет кликабельного телефона/мессенджера",https://cafecoconatali.bonee.net/,2026-09-28
https://cafelantern24.business.site/,100,"сайт на Google business.site, Google отключил такие сайты в 2024: ссылка ведёт в пустоту",https://cafelantern24.business.site/,2026-09-28
https://caffeine.am,10,нет кликабельного телефона/мессенджера,https://caffeine.am,2026-09-28
https://capitalhotel.am/,0,,https://capitalhotel.am/,2026-09-28
https://caucasus.am/,15,устаревшие теги (Flash/marquee/font/frames),https://www.caucasus.am/,2026-09-28
https://centralhotel.am/,0,,https://centralhotel.am/,2026-09-28
https://charentsi28.com/,45,"не адаптирован под телефон (нет viewport); похоже, только один язык (туристы не поймут); нет кликабельного телефона/мессенджера",https://charentsi28.com/,2026-09-28
https://coffeecom.am,100,домен не работает (не продлён или не настроен),https://coffeecom.am,2026-09-28
https://cofix.global/,20,"похоже, только один язык (туристы не поймут); нет кликабельного телефона/мессенджера",https://cofix.global:443/en-global//,2026-09-28
https://cofix.global/en-global,20,"похоже, только один язык (туристы не поймут); нет кликабельного телефона/мессенджера",https://cofix.global/en-global,2026-09-28
https://congresshotelyerevan.com/,25,"похоже, только один язык (туристы не поймут); нет кликабельного телефона/мессенджера; нет онлайн-брони/заказа",https://congresshotelyerevan.com/,2026-09-28
https://contrdent.com,0,,https://contrdent.com,2026-09-28
https://dalan.am/restaurant/,25,в подвале © 2017: сайт давно не обновляли; нет кликабельного телефона/мессенджера,https://dalan.am/restaurant/,2026-09-28
https://danielyanllc.am/,,"сайт не пускает бота (HTTP 403), проверить вручную",https://danielyanllc.am/,2026-09-28
https://dargett.com,,"сайт не ответил серверу проверки (TimeoutError), проверить вручную",https://dargett.com,2026-09-28
https://davtashenmedicalcentre.am/,25,"похоже, только один язык (туристы не поймут); нет кликабельного телефона/мессенджера; нет онлайн-брони/заказа",https://davtashenmedicalcentre.am/,2026-09-28
https://degusto.am,10,"похоже, только один язык (туристы не поймут)",https://degusto.am/hy,2026-09-28
https://diagen.am/,10,"похоже, только один язык (туристы не поймут)",https://www.diagen.am/,2026-09-28
https://dialab.am/,,"сайт не пускает бота (HTTP 403), проверить вручную",https://dialab.am/,2026-09-28
https://diamondhousehotel.am/,100,домен не работает (не продлён или не настроен),https://diamondhousehotel.am/,2026-09-28
https://dikidi.ru/1465662?p=0.pi,20,"старый jQuery 1.11; похоже, только один язык (туристы не поймут)",https://dikidi.ru/1465662?p=0.pi,2026-09-28
https://dilidream.com,10,нет кликабельного телефона/мессенджера,https://dilidream.com,2026-09-28
https://dilijan.rest,20,"похоже, только один язык (туристы не поймут); нет кликабельного телефона/мессенджера",https://dilijan.rest,2026-09-28
https://dilijanadventures.am,10,"похоже, только один язык (туристы не поймут)",https://dilijanadventures.am,2026-09-28
https://dilijaninn.am,20,нет кликабельного телефона/мессенджера; грузится медленно (8.6 c),https://dilijaninn.am,2026-09-28
https://dilijaninn.am/en/restaurant-en/,20,нет кликабельного телефона/мессенджера; грузится медленно (6.3 c),https://dilijaninn.am/en/restaurant-en/,2026-09-28
https://dilijanitun.am,10,грузится медленно (4.9 c),https://dilijanitun.am/en/,2026-09-28
https://dilitown.am,10,"похоже, только один язык (туристы не поймут)",https://dilitown.am,2026-09-28
https://dobrotsen.ru,50,"не адаптирован под телефон (нет viewport); похоже, только один язык (туристы не поймут); нет кликабельного телефона/мессенджера; нет онлайн-брони/заказа",https://dobrotsen.ru,2026-09-28
https://dobrotsen.ru/,50,"не адаптирован под телефон (нет viewport); похоже, только один язык (туристы не поймут); нет кликабельного телефона/мессенджера; нет онлайн-брони/заказа",https://dobrotsen.ru/,2026-09-28
https://dodopizza.am,10,нет кликабельного телефона/мессенджера,https://dodopizza.am,2026-09-28
https://dodopizza.am/,10,нет кликабельного телефона/мессенджера,https://dodopizza.am/,2026-09-28
https://domdilijan.tilda.ws,15,"сделан на конструкторе (ограничения, нет своей админки); похоже, только один язык (туристы не поймут)",https://domdilijan.tilda.ws,2026-09-28
https://dragongarden.am/,0,,https://shop.dragongarden.am/,2026-09-28
https://drakht.am,100,домен не работает (не продлён или не настроен),https://drakht.am,2026-09-28
https://dudes.am/en/,85,сайт выдаёт ошибку HTTP 404,https://dudes.am/en/,2026-09-28
https://ecokayan.com,20,"похоже, только один язык (туристы не поймут); нет кликабельного телефона/мессенджера",https://www.ecokayan.com/,2026-09-28
https://ecospace.am/,5,"сделан на конструкторе (ограничения, нет своей админки)",https://ecospace.am/,2026-09-28
https://elitarestaurant.am/,25,"устаревшие теги (Flash/marquee/font/frames); похоже, только один язык (туристы не поймут)",https://elitarestaurant.am/,2026-09-28
https://elysiumgalleryhotel.com/,0,,https://elysiumgalleryhotel.com/,2026-09-28
https://emerte.am/,15,"старый jQuery 1.10; сделан на конструкторе (ограничения, нет своей админки)",https://emerte.am/,2026-09-28
https://erebunihotel.am/en,20,"похоже, только один язык (туристы не поймут); грузится медленно (4.3 c)",https://erebunihotel.am/en,2026-09-28
https://erevan.ldc.ru,5,"сделан на конструкторе (ограничения, нет своей админки)",https://erevan.ldc.ru,2026-09-28
https://escapes.am,20,"похоже, только один язык (туристы не поймут); нет кликабельного телефона/мессенджера",https://escapes.am,2026-09-28
https://estheticjoysembassy.com/,15,"сделан на конструкторе (ограничения, нет своей админки); похоже, только один язык (туристы не поймут)",https://estheticjoysembassy.com/,2026-09-28
https://evndiner.com,35,"в подвале © 2015: сайт давно не обновляли; похоже, только один язык (туристы не поймут); грузится медленно (15.4 c)",https://evndiner.com,2026-09-28
https://eywa.bonee.net/,20,"похоже, только один язык (туристы не поймут); нет кликабельного телефона/мессенджера",https://eywa.bonee.net/,2026-09-28
https://facebook.com/TomCollinsPub,100,"своего сайта нет, вместо него ссылка на соцсеть/агрегатор",https://facebook.com/TomCollinsPub,2026-09-28
https://fairytour.am/,45,"не адаптирован под телефон (нет viewport); похоже, только один язык (туристы не поймут); нет кликабельного телефона/мессенджера",https://fairytour.am/,2026-09-28
https://florence-restaurant.business.site,100,"сайт на Google business.site, Google отключил такие сайты в 2024: ссылка ведёт в пустоту",https://florence-restaurant.business.site,2026-09-28
https://foodtime.am/,10,"похоже, только один язык (туристы не поймут)",https://foodtime.am/,2026-09-28
https://frankmeat.am,25,"старый jQuery 1.10; сделан на конструкторе (ограничения, нет своей админки); похоже, только один язык (туристы не поймут)",https://frankmeat.am,2026-09-28
https://fryday.am/,0,,https://fryday.am/,2026-09-28
https://futurediner.am/,30,сертификат HTTPS сломан (браузер пугает посетителей),https://www.futurediner.am/,2026-09-28
https://garage88yerevan.business.site/,100,"сайт на Google business.site, Google отключил такие сайты в 2024: ссылка ведёт в пустоту",https://garage88yerevan.business.site/,2026-09-28
https://gardeninnresort.com/,0,,https://gardeninnresort.com/,2026-09-28
https://gcc.am/,20,"похоже, только один язык (туристы не поймут); нет кликабельного телефона/мессенджера",https://gcc.am/,2026-09-28
https://gdcclinic.com/,25,в подвале © 2020: сайт давно не обновляли; нет кликабельного телефона/мессенджера,https://gdcclinic.com/,2026-09-28
https://grandost.taplink.ws,20,"похоже, только один язык (туристы не поймут); нет кликабельного телефона/мессенджера",https://grandost.taplink.ws,2026-09-28
https://greenrock.am/project/ppls-rooms/,0,,https://greenrock.am/project/ppls-rooms/,2026-09-28
https://grill.am,10,"похоже, только один язык (туристы не поймут)",https://www.grill.am/hy,2026-09-28
https://grill.am/,10,"похоже, только один язык (туристы не поймут)",https://www.grill.am/hy,2026-09-28
https://gurmenia.am,10,"похоже, только один язык (туристы не поймут)",https://gurmenia.am,2026-09-28
https://gyumri.bar,100,домен не работает (не продлён или не настроен),https://gyumri.bar,2026-09-28
https://hamadam.restaurant,20,"похоже, только один язык (туристы не поймут); нет кликабельного телефона/мессенджера",https://hamadam.restaurant,2026-09-28
https://hamshen.am,0,,https://hamshen.am/hy/,2026-09-28
https://hayasahotels.com,0,,https://hayasahotels.com,2026-09-28
https://hayreniqtour.ru/,10,"похоже, только один язык (туристы не поймут)",https://hayreniqtour.ru/,2026-09-28
https://herbsandhoney.am,10,"похоже, только один язык (туристы не поймут)",https://herbsandhoney.am,2026-09-28
https://hiexpress.am/,0,,https://hiexpress.am/,2026-09-28
https://historic-yerevan.tufenkianheritage.com/,0,,https://historic-yerevan.tufenkianheritage.com/,2026-09-28
https://hkmbpo.org/vanadzor/,0,,https://hkmbpo.org/vanadzor/,2026-09-28
https://hostelinyerevan.com/,35,"в подвале © 2017: сайт давно не обновляли; похоже, только один язык (туристы не поймут); нет кликабельного телефона/мессенджера",https://hostelinyerevan.com/,2026-09-28
https://hotelaviatrans.am/,0,,https://hotelaviatrans.am/,2026-09-28
https://hotelforum.am/,100,домен не работает (не продлён или не настроен),https://hotelforum.am/,2026-09-28
https://hotelkirovakan.com/,0,,https://hotelkirovakan.com/,2026-09-28
https://hotelnairi.am/,45,"не адаптирован под телефон (нет viewport); похоже, только один язык (туристы не поймут); нет кликабельного телефона/мессенджера",https://www.hotelnairi.am/,2026-09-28
https://hotelnational.am/,0,,https://hotelnational.am/,2026-09-28
https://hotelyeghevnut.com/,0,,https://hotelyeghevnut.com/,2026-09-28
https://hotelzoracaghbyur.voodoo.pro,100,домен не работает (не продлён или не настроен),https://hotelzoracaghbyur.voodoo.pro,2026-09-28
https://hover.am,0,,https://hover.am,2026-09-28
https://ikigai.kovzy.com/,20,нет кликабельного телефона/мессенджера; грузится медленно (8.8 c),https://ikigai.kovzy.com/,2026-09-28
https://ingahotelyerevan.business.site,100,"сайт на Google business.site, Google отключил такие сайты в 2024: ссылка ведёт в пустоту",https://ingahotelyerevan.business.site,2026-09-28
https://instagram.com/familish.am,100,"своего сайта нет, вместо него ссылка на соцсеть/агрегатор",https://instagram.com/familish.am,2026-09-28
https://instagram.com/tsaghkadzorapartment?igshid=OGQ5ZDc2ODk2ZA%3D%3D&utm_source=qr,100,"своего сайта нет, вместо него ссылка на соцсеть/агрегатор",https://instagram.com/tsaghkadzorapartment?igshid=OGQ5ZDc2ODk2ZA%3D%3D&utm_source=qr,2026-09-28
https://invino.am,20,"похоже, только один язык (туристы не поймут); нет кликабельного телефона/мессенджера",https://invino.am,2026-09-28
https://iq-chip.com/,,"сайт не ответил серверу проверки (TimeoutError), проверить вручную",https://iq-chip.com/,2026-09-28
https://israelori.am/,20,"похоже, только один язык (туристы не поймут); нет кликабельного телефона/мессенджера",https://www.israelori.am/,2026-09-28
https://jamon.am/,20,"похоже, только один язык (туристы не поймут); нет кликабельного телефона/мессенджера",https://jamon.am/,2026-09-28
https://jazzve.am/,85,сайт выдаёт ошибку HTTP 500,https://jazzve.am/,2026-09-28
https://jnj.am/,,"сайт не ответил серверу проверки (TimeoutError), проверить вручную",https://jnj.am/,2026-09-28
https://kamar.am/,,"сайт не пускает бота (HTTP 403), проверить вручную",https://kamar.am/,2026-09-28
https://kantegh.clinic/v2/,20,"вёрстка таблицами (2000-е годы); похоже, только один язык (туристы не поймут)",https://kantegh.clinic/v2/,2026-09-28
https://karas.am/,10,"похоже, только один язык (туристы не поймут)",https://karas.am/,2026-09-28
https://karcomauto.am/,90,сертификат HTTPS сломан (браузер пугает посетителей),https://karcomauto.am/,2026-09-28
https://kayan.am,15,"похоже, только один язык (туристы не поймут); нет онлайн-брони/заказа",https://kayan.am,2026-09-28
https://kuzov.am,100,домен не работает (не продлён или не настроен),https://kuzov.am,2026-09-28
https://laguna.am/,,"сайт не ответил серверу проверки (OSError), проверить вручную",https://laguna.am/,2026-09-28
https://latar.am/,0,,https://latar.am/,2026-09-28
https://lebanonshawarma.am/,100,домен не работает (не продлён или не настроен),https://lebanonshawarma.am/,2026-09-28
https://lettersandnumbers.am/,0,,https://lancoworking.am/,2026-09-28
https://littledragon.am/,25,"старый jQuery 1.10; сделан на конструкторе (ограничения, нет своей админки); похоже, только один язык (туристы не поймут)",https://littledragon.am/,2026-09-28
https://loft.am/,85,сайт выдаёт ошибку HTTP 500,https://loft.am/,2026-09-28
https://lumencoffee.am/,,"сайт не ответил серверу проверки (TimeoutError), проверить вручную",https://lumencoffee.am/,2026-09-28
https://lunatour.am,25,"похоже, только один язык (туристы не поймут); нет кликабельного телефона/мессенджера; нет онлайн-брони/заказа",https://www.lunatour.am/,2026-09-28
https://m.facebook.com/KFC.Armenia,100,"своего сайта нет, вместо него ссылка на соцсеть/агрегатор",https://m.facebook.com/KFC.Armenia,2026-09-28
https://m.facebook.com/Karapcafe,100,"своего сайта нет, вместо него ссылка на соцсеть/агрегатор",https://m.facebook.com/Karapcafe,2026-09-28
https://m.facebook.com/Montecristo-%EF%B8%8F-Toscana-1758255667583563/,100,"своего сайта нет, вместо него ссылка на соцсеть/агрегатор",https://m.facebook.com/Montecristo-%EF%B8%8F-Toscana-1758255667583563/,2026-09-28
https://m.facebook.com/tteamtravel/,100,"своего сайта нет, вместо него ссылка на соцсеть/агрегатор",https://m.facebook.com/tteamtravel/,2026-09-28
https://mangocafe.myresto.online,25,"похоже, только один язык (туристы не поймут); нет кликабельного телефона/мессенджера; нет онлайн-брони/заказа",https://mangocafe.myresto.online/ru/,2026-09-28
https://maoor.am,100,домен не работает (не продлён или не настроен),https://maoor.am,2026-09-28
https://marriott.com/evnlc,,"сайт не пускает бота (HTTP 403), проверить вручную",https://marriott.com/evnlc,2026-09-28
https://mbgroup.am/azura/menu,35,"старый jQuery 1.10; сделан на конструкторе (ограничения, нет своей админки); похоже, только один язык (туристы не поймут); нет кликабельного телефона/мессенджера",https://mbgroup.am/azura/menu,2026-09-28
https://mbgroup.am/charden,35,"старый jQuery 1.10; сделан на конструкторе (ограничения, нет своей админки); похоже, только один язык (туристы не поймут); нет кликабельного телефона/мессенджера",https://mbgroup.am/charden,2026-09-28
https://mbgroup.am/vostan,35,"старый jQuery 1.10; сделан на конструкторе (ограничения, нет своей админки); похоже, только один язык (туристы не поймут); нет кликабельного телефона/мессенджера",https://mbgroup.am/vostan,2026-09-28
https://me-qr.com/ru/gg6w911L,40,не адаптирован под телефон (нет viewport); в подвале © 2018: сайт давно не обновляли,https://qr.me-qr.com/ru/gg6w911L,2026-09-28
https://medesy.am,0,,https://medesy.am,2026-09-28
https://metropol.am/,20,"похоже, только один язык (туристы не поймут); нет кликабельного телефона/мессенджера",https://metropol.am/metropol,2026-09-28
https://motivesinn.am,0,,https://motivesinn.am,2026-09-28
https://movrestaurant.com,50,"не адаптирован под телефон (нет viewport); похоже, только один язык (туристы не поймут); нет кликабельного телефона/мессенджера; нет онлайн-брони/заказа",https://movrestaurant.com,2026-09-28
https://mrbyte.am/Meat_&_Beat/menu/19,25,"похоже, только один язык (туристы не поймут); нет кликабельного телефона/мессенджера; нет онлайн-брони/заказа",https://mrbyte.am/Meat_&_Beat/menu/19,2026-09-28
https://mrgyros.am/,15,в подвале © 2020: сайт давно не обновляли,https://www.mrgyros.am/,2026-09-28
https://mrh.am/,,"сайт не пускает бота (HTTP 503), проверить вручную",https://mrh.am/,2026-09-28
https://my.matterport.com/show/?m=e4Tvn7ASsVr,,"сайт не пускает бота (HTTP 403), проверить вручную",https://my.matterport.com/show/?m=e4Tvn7ASsVr,2026-09-28
https://myataofficial.com/,10,"похоже, только один язык (туристы не поймут)",https://myataofficial.com/,2026-09-28
https://mycitydentist.am/,,"сайт не ответил серверу проверки (ConnectionRefusedError), проверить вручную",https://mycitydentist.am/,2026-09-28
https://myqrcode.com/qr/6f522b21/view,85,сайт выдаёт ошибку HTTP 404,https://myqrcode.com/qr/6f522b21/view,2026-09-28
https://myrt.cafe/,25,"похоже, только один язык (туристы не поймут); нет кликабельного телефона/мессенджера; нет онлайн-брони/заказа",https://myrt.cafe/,2026-09-28
https://nachohotelyerevan.am/,,"сайт не ответил серверу проверки (TimeoutError), проверить вручную",https://nachohotelyerevan.am/,2026-09-28
https://nanopro.am/,10,"похоже, только один язык (туристы не поймут)",https://nanopro.am/,2026-09-28
https://navahotel.am,100,"сертификат HTTPS сломан (браузер пугает посетителей); нет HTTPS (Chrome пишет «Не защищено»); не адаптирован под телефон (нет viewport); похоже, только один язык (туристы не поймут); нет кликабельного телефона/мессенджера; нет онлайн-брони/заказа",http://navahotel.am,2026-09-28
https://nicehotel.business.site,100,"сайт на Google business.site, Google отключил такие сайты в 2024: ссылка ведёт в пустоту",https://nicehotel.business.site,2026-09-28
https://normed.am/,,"сайт не ответил серверу проверки (TimeoutError), проверить вручную",https://normed.am/,2026-09-28
https://norzovq.am/,85,сайт выдаёт ошибку HTTP 525,https://norzovq.am/,2026-09-28
https://old-dilijan.tufenkianheritage.com/rooms/suite-room/,0,,https://old-dilijan.tufenkianheritage.com/rooms/suite-room/,2026-09-28
https://old-yerevan-hotel.business.site/,100,"сайт на Google business.site, Google отключил такие сайты в 2024: ссылка ведёт в пустоту",https://old-yerevan-hotel.business.site/,2026-09-28
https://olddilijan.am/,20,"похоже, только один язык (туристы не поймут); нет кликабельного телефона/мессенджера",https://olddilijan.am/,2026-09-28
https://optimumclinic.am/,0,,https://optimumclinic.am/,2026-09-28
https://organichouse.am/,100,домен не работает (не продлён или не настроен),https://organichouse.am/,2026-09-28
https://orthodont.am/,20,"похоже, только один язык (туристы не поймут); нет кликабельного телефона/мессенджера",https://orthodont.am/,2026-09-28
https://ostrestaurant.taplink.ws/,35,"устаревшие теги (Flash/marquee/font/frames); похоже, только один язык (туристы не поймут); нет кликабельного телефона/мессенджера",https://ostrestaurant.taplink.ws/,2026-09-28
https://paragon.am/,10,нет кликабельного телефона/мессенджера,https://paragon.am/,2026-09-28
https://parishotel.am/,0,,https://parishotel.am/,2026-09-28
https://parkingfood.am,0,,https://parkingfood.am,2026-09-28
https://parkingfood.am/,0,,https://parkingfood.am/,2026-09-28
https://parma.am/,0,,https://parma.am/,2026-09-28
https://parvana.info.am/,10,нет кликабельного телефона/мессенджера,https://parvana.info.am/,2026-09-28
https://patioyerevan.business.site/,100,"сайт на Google business.site, Google отключил такие сайты в 2024: ссылка ведёт в пустоту",https://patioyerevan.business.site/,2026-09-28
https://paty-beauty-hall.business.site/?m=true,100,"сайт на Google business.site, Google отключил такие сайты в 2024: ссылка ведёт в пустоту",https://paty-beauty-hall.business.site/?m=true,2026-09-28
https://perfectsmile.am/,,"сайт не пускает бота (HTTP 403), проверить вручную",https://perfectsmile.am/,2026-09-28
https://petermarker.am,25,"похоже, только один язык (туристы не поймут); нет кликабельного телефона/мессенджера; нет онлайн-брони/заказа",https://petermarker.am,2026-09-28
https://pharaon.am/,50,не адаптирован под телефон (нет viewport); старый jQuery 1.10; нет кликабельного телефона/мессенджера; нет онлайн-брони/заказа,https://pharaon.am/,2026-09-28
https://pickupburgers.com/,100,домен не работает (не продлён или не настроен),https://pickupburgers.com/,2026-09-28
https://polkovnik.am/hy/,0,,https://polkovnik.am/,2026-09-28
https://port88.am/,0,,https://port88.am/,2026-09-28
https://prepa.am,0,,https://prepa.am,2026-09-28
https://prepa.am/,0,,https://prepa.am/,2026-09-28
https://presidenthotel.am/,0,,https://presidenthotel.am/,2026-09-28
https://price.dilari.am/,15,"похоже, только один язык (туристы не поймут); нет онлайн-брони/заказа",https://price.dilari.am/,2026-09-28
https://qrmenu.orders.co/633eece5f313cb001dda41f3,20,"похоже, только один язык (туристы не поймут); нет кликабельного телефона/мессенджера",https://qrmenu.orders.co/633eece5f313cb001dda41f3,2026-09-28
https://ramenten.am/,25,"старый jQuery 1.10; сделан на конструкторе (ограничения, нет своей админки); похоже, только один язык (туристы не поймут)",https://ramenten.am/,2026-09-28
https://rby.am/,0,,https://rby.am/,2026-09-28
https://relocantbar.tilda.ws/,15,"сделан на конструкторе (ограничения, нет своей админки); похоже, только один язык (туристы не поймут)",https://relocantbar.tilda.ws/,2026-09-28
https://rooftopaparthotel.com/,0,,https://rooftopaparthotel.com/,2026-09-28
https://roomshotel.am/,0,,https://roomshotel.am/,2026-09-28
https://royalplaza.am/,100,домен не работает (не продлён или не настроен),https://royalplaza.am/,2026-09-28
https://sati.am,20,"похоже, только один язык (туристы не поймут); нет кликабельного телефона/мессенджера",https://sati.am,2026-09-28
https://sgh.am,100,домен не работает (не продлён или не настроен),https://sgh.am,2026-09-28
https://shelby.am/,,"сайт не пускает бота (HTTP 403), проверить вручную",https://shelby.am/,2026-09-28
https://simbapizza.am,100,домен не работает (не продлён или не настроен),https://simbapizza.am,2026-09-28
https://skylinetourservice.com/,100,домен не работает (не продлён или не настроен),https://skylinetourservice.com/,2026-09-28
https://slavyanka.am/,15,"сделан на конструкторе (ограничения, нет своей админки); похоже, только один язык (туристы не поймут)",https://slavyanka.am/,2026-09-28
https://smartresort.am,0,,https://smartresort.am,2026-09-28
https://sochiguesthouse.com,50,"не адаптирован под телефон (нет viewport); похоже, только один язык (туристы не поймут); нет кликабельного телефона/мессенджера; нет онлайн-брони/заказа",https://sochiguesthouse.com,2026-09-28
https://sorrisogelato.com/,5,"сделан на конструкторе (ограничения, нет своей админки)",https://www.sorrisogelato.com/,2026-09-28
https://srhotelarmenia.com/,0,,https://srhotelarmenia.com/en/,2026-09-28
https://starzz.am,0,,https://starzz.am,2026-09-28
https://sunny-people.business.site,100,"сайт на Google business.site, Google отключил такие сайты в 2024: ссылка ведёт в пустоту",https://sunny-people.business.site,2026-09-28
https://surfcoffee.com/,25,"сделан на конструкторе (ограничения, нет своей админки); похоже, только один язык (туристы не поймут); нет кликабельного телефона/мессенджера",https://surfcoffee.com/,2026-09-28
https://sweethomeapartments.am/,0,,https://sweethomeapartments.am/en-gb/,2026-09-28
https://swok.am/,,"сайт не ответил серверу проверки (TimeoutError), проверить вручную",https://swok.am/,2026-09-28
https://t.me/Kanach_terev,100,"своего сайта нет, вместо него ссылка на соцсеть/агрегатор",https://t.me/Kanach_terev,2026-09-28
https://t.me/Leninakan_electrician,100,"своего сайта нет, вместо него ссылка на соцсеть/агрегатор",https://t.me/Leninakan_electrician,2026-09-28
https://t.me/the_spot_dilijan,100,"своего сайта нет, вместо него ссылка на соцсеть/агрегатор",https://t.me/the_spot_dilijan,2026-09-28
https://taniqinncottages.taniqinn.am,0,,https://taniqinncottages.taniqinn.am,2026-09-28
https://taplink.cc/44lounge,25,"похоже, только один язык (туристы не поймут); нет кликабельного телефона/мессенджера; нет онлайн-брони/заказа",https://taplink.cc/44lounge,2026-09-28
https://taplink.cc/bombolonidonuts,20,"похоже, только один язык (туристы не поймут); нет кликабельного телефона/мессенджера",https://taplink.cc/bombolonidonuts,2026-09-28
https://tashirpizza.am/,,"сайт не пускает бота (HTTP 403), проверить вручную",https://tashirpizza.am/,2026-09-28
https://tatev.com/,60,"не адаптирован под телефон (нет viewport); похоже, только один язык (туристы не поймут); нет кликабельного телефона/мессенджера; нет онлайн-брони/заказа; грузится медленно (4.7 c)",https://tatev.com/,2026-09-28
https://teamtime.am/,,"сайт не пускает бота (HTTP 403), проверить вручную",https://teamtime.am/,2026-09-28
https://terra.onme.nu/,20,"похоже, только один язык (туристы не поймут); нет кликабельного телефона/мессенджера",https://terra.onme.nu/,2026-09-28
https://thecoffee.jp/shortcut/armenia/yerevan/the-coffee-mashtoc-av,30,"похоже, только один язык (туристы не поймут); нет кликабельного телефона/мессенджера; грузится медленно (5.6 c)",https://thecoffee.jp/shortcut/armenia/yerevan/the-coffee-mashtoc-av,2026-09-28
https://thecoffee.jp/shortcut/armenia/yerevan/the-coffee-tamanyan,30,"похоже, только один язык (туристы не поймут); нет кликабельного телефона/мессенджера; грузится медленно (5.6 c)",https://thecoffee.jp/shortcut/armenia/yerevan/the-coffee-tamanyan,2026-09-28
https://tigranmets.am/en,100,домен не работает (не продлён или не настроен),https://tigranmets.am/en,2026-09-28
https://tshaurma.com/,10,"похоже, только один язык (туристы не поймут)",https://tumanyanshaurma.am/,2026-09-28
https://tsiran.am,15,"сделан на конструкторе (ограничения, нет своей админки); похоже, только один язык (туристы не поймут)",https://tsiran.am,2026-09-28
https://tsiran.am/,15,"сделан на конструкторе (ограничения, нет своей админки); похоже, только один язык (туристы не поймут)",https://tsiran.am/,2026-09-28
https://tufenkianrestaurant.com,20,нет HTTPS (Chrome пишет «Не защищено»),http://tufenkianheritage.com/,2026-09-28
https://tuttopizzavanadzor.netlify.app/,10,"похоже, только один язык (туристы не поймут)",https://tuttopizzavanadzor.netlify.app/,2026-09-28
https://umami.am,100,домен не работает (не продлён или не настроен),https://umami.am,2026-09-28
https://urartuonline.am,10,"похоже, только один язык (туристы не поймут)",https://urartuonline.am,2026-09-28
https://urartuonline.am/,10,"похоже, только один язык (туристы не поймут)",https://urartuonline.am/,2026-09-28
https://vanadzor.littledragon.am/,15,"сделан на конструкторе (ограничения, нет своей админки); похоже, только один язык (туристы не поймут)",https://vanadzor.littledragon.am/,2026-09-28
https://vardanants.am/,0,,https://vardanants.am/hy,2026-09-28
https://vardo-menu.tilda.ws/,25,"сделан на конструкторе (ограничения, нет своей админки); похоже, только один язык (туристы не поймут); нет кликабельного телефона/мессенджера",https://vardo-menu.tilda.ws/,2026-09-28
https://vincent-hostel-by-hotelier.business.site/,100,"сайт на Google business.site, Google отключил такие сайты в 2024: ссылка ведёт в пустоту",https://vincent-hostel-by-hotelier.business.site/,2026-09-28
https://vpeaks.ru,15,"сделан на конструкторе (ограничения, нет своей админки); похоже, только один язык (туристы не поймут)",https://vpeaks.ru,2026-09-28
https://welcomeinnhotel.am,20,"старый jQuery 1.4; похоже, только один язык (туристы не поймут)",https://welcomeinnhotel.am,2026-09-28
https://woolway.am/,0,,https://woolway.am/,2026-09-28
https://www.14hotel.com/,0,,https://14hotel.com/,2026-09-28
https://www.379beer.am/,25,"похоже, только один язык (туристы не поймут); нет кликабельного телефона/мессенджера; нет онлайн-брони/заказа",https://www.379beer.am/,2026-09-28
https://www.accorhotels.com/gb/hotel-7309-ibis-yerevan-center/index.shtml,0,,https://all.accor.com/hotel/7309/index.en.shtml,2026-09-28
https://www.achajour.am/,30,"вёрстка таблицами (2000-е годы); похоже, только один язык (туристы не поймут); нет кликабельного телефона/мессенджера",https://www.achajour.am/en/,2026-09-28
https://www.airbnb.at/rooms/1650835683234644084?guests=1&adults=10&s=67&unique_share_id=d378eaa3-7966-4175-8780-d7a7f0480a04,100,"своего сайта нет, вместо него ссылка на соцсеть/агрегатор",https://www.airbnb.at/rooms/1650835683234644084?guests=1&adults=10&s=67&unique_share_id=d378eaa3-7966-4175-8780-d7a7f0480a04,2026-09-28
https://www.airbnb.com.au/rooms/1645672993215622487,100,"своего сайта нет, вместо него ссылка на соцсеть/агрегатор",https://www.airbnb.com.au/rooms/1645672993215622487,2026-09-28
https://www.airbnb.com/rooms/1204151078267396549,100,"своего сайта нет, вместо него ссылка на соцсеть/агрегатор",https://www.airbnb.com/rooms/1204151078267396549,2026-09-28
https://www.airbnb.com/rooms/1390419759762415558,100,"своего сайта нет, вместо него ссылка на соцсеть/агрегатор",https://www.airbnb.com/rooms/1390419759762415558,2026-09-28
https://www.airbnb.com/rooms/5058904?s=51,100,"своего сайта нет, вместо него ссылка на соцсеть/агрегатор",https://www.airbnb.com/rooms/5058904?s=51,2026-09-28
https://www.airbnb.ie/rooms/1515284648186377273,100,"своего сайта нет, вместо него ссылка на соцсеть/агрегатор",https://www.airbnb.ie/rooms/1515284648186377273,2026-09-28
https://www.akhtamartour.am/,10,"похоже, только один язык (туристы не поймут)",https://akhtamartour.am/,2026-09-28
https://www.alberthouse.am,100,домен не работает (не продлён или не настроен),https://www.alberthouse.am,2026-09-28
https://www.armeniatravel.am/,10,нет кликабельного телефона/мессенджера,https://www.armeniatravel.am/en,2026-09-28
https://www.artashimot.am,10,нет кликабельного телефона/мессенджера,https://www.artashimot.am,2026-09-28
https://www.arvestanoc.am/,100,домен не работает (не продлён или не настроен),https://www.arvestanoc.am/,2026-09-28
https://www.autofan.am/,10,"похоже, только один язык (туристы не поймут)",https://autofan.am/am/,2026-09-28
https://www.bellagio.am/,10,"похоже, только один язык (туристы не поймут)",https://www.bellagio.am/,2026-09-28
https://www.berlinarthotel.am/,30,"похоже, только один язык (туристы не поймут); нет кликабельного телефона/мессенджера; грузится медленно (6.4 c)",https://berlinarthotel.am/,2026-09-28
https://www.besthotel.am/,100,домен не работает (не продлён или не настроен),https://www.besthotel.am/,2026-09-28
https://www.blackangus.am/,0,,https://www.blackangus.am/,2026-09-28
https://www.blizzard.am,,"сайт не ответил серверу проверки (TimeoutError), проверить вручную",https://www.blizzard.am,2026-09-28
https://www.booking.com/Pulse-ED6YvC,100,"своего сайта нет, вместо него ссылка на соцсеть/агрегатор",https://www.booking.com/Pulse-ED6YvC,2026-09-28
https://www.booking.com/Pulse-oDc9IY,100,"своего сайта нет, вместо него ссылка на соцсеть/агрегатор",https://www.booking.com/Pulse-oDc9IY,2026-09-28
https://www.booking.com/Share-H9sXfpn,100,"своего сайта нет, вместо него ссылка на соцсеть/агрегатор",https://www.booking.com/Share-H9sXfpn,2026-09-28
https://www.booking.com/Share-V1IZdk2,100,"своего сайта нет, вместо него ссылка на соцсеть/агрегатор",https://www.booking.com/Share-V1IZdk2,2026-09-28
https://www.booking.com/Share-j5F1cHX,100,"своего сайта нет, вместо него ссылка на соцсеть/агрегатор",https://www.booking.com/Share-j5F1cHX,2026-09-28
https://www.booking.com/Share-sXz9hVO,100,"своего сайта нет, вместо него ссылка на соцсеть/агрегатор",https://www.booking.com/Share-sXz9hVO,2026-09-28
https://www.booking.com/Share-xI7hK3,100,"своего сайта нет, вместо него ссылка на соцсеть/агрегатор",https://www.booking.com/Share-xI7hK3,2026-09-28
https://www.booking.com/app_link/hotel/am/vaam-hostel.en-us.html,100,"своего сайта нет, вместо него ссылка на соцсеть/агрегатор",https://www.booking.com/app_link/hotel/am/vaam-hostel.en-us.html,2026-09-28
https://www.booking.com/hotel/am/la-casa-de-armenie.ru.html?label=gen173bo-10CAsoB0ISbGEtY2FzYS1kZS1hcm1lbmllSDNYA2g5iAEBmAEzuAEXyAEM2AED6AEB-AEBiAIBmAIGqAIBuAKuuofPBsACAdICJDI3N2MwYWVlLTNmMzgtNDc2NC1iMWVhLWVmNWQ2YWFlMTk2ZNgCAeACAQ&sid=55a642cac699c53992a,100,"своего сайта нет, вместо него ссылка на соцсеть/агрегатор",https://www.booking.com/hotel/am/la-casa-de-armenie.ru.html?label=gen173bo-10CAsoB0ISbGEtY2FzYS1kZS1hcm1lbmllSDNYA2g5iAEBmAEzuAEXyAEM2AED6AEB-AEBiAIBmAIGqAIBuAKuuofPBsACAdICJDI3N2MwYWVlLTNmMzgtNDc2NC1iMWVhLWVmNWQ2YWFlMTk2ZNgCAeACAQ&sid=55a642cac699c53992a,2026-09-28
https://www.booking.com/hotel/am/life,100,"своего сайта нет, вместо него ссылка на соцсеть/агрегатор",https://www.booking.com/hotel/am/life,2026-09-28
https://www.caritas.am/,0,,https://caritas.am/,2026-09-28
https://www.carrefourarmenia.com,,"сайт не ответил серверу проверки (TimeoutError), проверить вручную",https://www.carrefourarmenia.com,2026-09-28
https://www.carrefourarmenia.com/,,"сайт не ответил серверу проверки (TimeoutError), проверить вручную",https://www.carrefourarmenia.com/,2026-09-28
https://www.caucasus.am,15,устаревшие теги (Flash/marquee/font/frames),https://www.caucasus.am,2026-09-28
https://www.coffeehouse.am/,0,,https://www.coffeehouse.am/,2026-09-28
https://www.coffeemarket.am/,,"сайт не ответил серверу проверки (OSError), проверить вручную",https://www.coffeemarket.am/,2026-09-28
https://www.coffeeshopcompany.com/,20,"похоже, только один язык (туристы не поймут); нет кликабельного телефона/мессенджера",https://www.coffeeshopcompany.com/,2026-09-28
https://www.coffeeshopyerevan.am/menu,85,сайт выдаёт ошибку HTTP 404,https://www.coffeeshopyerevan.am/menu,2026-09-28
https://www.collective.am/,20,"похоже, только один язык (туристы не поймут); нет кликабельного телефона/мессенджера",https://www.collective.am/,2026-09-28
https://www.collective.am/afrolab/,85,сайт выдаёт ошибку HTTP 404,https://www.collective.am/afrolab/,2026-09-28
https://www.collective.am/gallia/,20,"похоже, только один язык (туристы не поймут); нет кликабельного телефона/мессенджера",https://www.collective.am/gallia,2026-09-28
https://www.collective.am/minas/,20,"похоже, только один язык (туристы не поймут); нет кликабельного телефона/мессенджера",https://www.collective.am/minas,2026-09-28
https://www.deluxehotel.am/,20,старый jQuery 1.11; грузится медленно (4.8 c),https://www.deluxehotel.am/en/home,2026-09-28
https://www.dilijanhikershostel.com,10,"похоже, только один язык (туристы не поймут)",https://www.dilijanhikershostel.com,2026-09-28
https://www.dilijanpizza.com/,5,"сделан на конструкторе (ограничения, нет своей админки)",https://www.dilijanpizza.com/,2026-09-28
https://www.dilivilla.com,,"сайт не ответил серверу проверки (ConnectionRefusedError), проверить вручную",https://www.dilivilla.com,2026-09-28
https://www.dolmama.am/,10,"похоже, только один язык (туристы не поймут)",https://dolmama.am/,2026-09-28
https://www.drive2.ru/users/garagepw/,,"сайт не пускает бота (HTTP 403), проверить вручную",https://www.drive2.ru/users/garagepw/,2026-09-28
https://www.ecotour.am,100,домен не работает (не продлён или не настроен),https://www.ecotour.am,2026-09-28
https://www.elskybar.am/,15,в подвале © 2019: сайт давно не обновляли,https://www.elskybar.am/,2026-09-28
https://www.envoyhostel.com/,50,"не адаптирован под телефон (нет viewport); похоже, только один язык (туристы не поймут); нет кликабельного телефона/мессенджера; нет онлайн-брони/заказа",https://www.envoyhostel.com/,2026-09-28
https://www.europehotel.am/,0,,https://europehotel.am/,2026-09-28
https://www.eurostan.am/,20,"похоже, только один язык (туристы не поймут); нет кликабельного телефона/мессенджера",https://www.eurostan.am/,2026-09-28
https://www.facebook.com/Dr.GayaneOganesyan/,100,"своего сайта нет, вместо него ссылка на соцсеть/агрегатор",https://www.facebook.com/Dr.GayaneOganesyan/,2026-09-28
https://www.facebook.com/LanjYerevan/,100,"своего сайта нет, вместо него ссылка на соцсеть/агрегатор",https://www.facebook.com/LanjYerevan/,2026-09-28
https://www.facebook.com/LoftVanadzor/,100,"своего сайта нет, вместо него ссылка на соцсеть/агрегатор",https://www.facebook.com/LoftVanadzor/,2026-09-28
https://www.facebook.com/MuchachoArmenia/,100,"своего сайта нет, вместо него ссылка на соцсеть/агрегатор",https://www.facebook.com/MuchachoArmenia/,2026-09-28
https://www.facebook.com/QAGHAQICDURS/,100,"своего сайта нет, вместо него ссылка на соцсеть/агрегатор",https://www.facebook.com/QAGHAQICDURS/,2026-09-28
https://www.facebook.com/TheParkCafeArmenia,100,"своего сайта нет, вместо него ссылка на соцсеть/агрегатор",https://www.facebook.com/TheParkCafeArmenia,2026-09-28
https://www.facebook.com/TitanSupermarkets/,100,"своего сайта нет, вместо него ссылка на соцсеть/агрегатор",https://www.facebook.com/TitanSupermarkets/,2026-09-28
https://www.facebook.com/beautysalonLK/?ref=settings,100,"своего сайта нет, вместо него ссылка на соцсеть/агрегатор",https://www.facebook.com/beautysalonLK/?ref=settings,2026-09-28
https://www.facebook.com/buffetlunchhouse/,100,"своего сайта нет, вместо него ссылка на соцсеть/агрегатор",https://www.facebook.com/buffetlunchhouse/,2026-09-28
https://www.facebook.com/ktormGyumri/,100,"своего сайта нет, вместо него ссылка на соцсеть/агрегатор",https://www.facebook.com/ktormGyumri/,2026-09-28
https://www.facebook.com/mandarinhotelyerevan/,100,"своего сайта нет, вместо него ссылка на соцсеть/агрегатор",https://www.facebook.com/mandarinhotelyerevan/,2026-09-28
https://www.facebook.com/mazaheracumvoskovv/,100,"своего сайта нет, вместо него ссылка на соцсеть/агрегатор",https://www.facebook.com/mazaheracumvoskovv/,2026-09-28
https://www.facebook.com/mgsupermarketarmenia,100,"своего сайта нет, вместо него ссылка на соцсеть/агрегатор",https://www.facebook.com/mgsupermarketarmenia,2026-09-28
https://www.facebook.com/pages/Arevik-Lounge/312425418768379?fref=ts,100,"своего сайта нет, вместо него ссылка на соцсеть/агрегатор",https://www.facebook.com/pages/Arevik-Lounge/312425418768379?fref=ts,2026-09-28
https://www.facebook.com/pages/Derian-Kebab/189507504575150,100,"своего сайта нет, вместо него ссылка на соцсеть/агрегатор",https://www.facebook.com/pages/Derian-Kebab/189507504575150,2026-09-28
https://www.facebook.com/people/WHITE-HOTEL/100095178164643/,100,"своего сайта нет, вместо него ссылка на соцсеть/агрегатор",https://www.facebook.com/people/WHITE-HOTEL/100095178164643/,2026-09-28
https://www.facebook.com/vulkanacum.B2/,100,"своего сайта нет, вместо него ссылка на соцсеть/агрегатор",https://www.facebook.com/vulkanacum.B2/,2026-09-28
https://www.findarmenia.ru/hostel/,50,"не адаптирован под телефон (нет viewport); похоже, только один язык (туристы не поймут); нет кликабельного телефона/мессенджера; нет онлайн-брони/заказа",https://www.findarmenia.ru/hostel/,2026-09-28
https://www.forestburger.am/,0,,https://www.forestburger.am/,2026-09-28
https://www.futuretour.am/,100,домен не работает (не продлён или не настроен),https://www.futuretour.am/,2026-09-28
https://www.gabriels.am/,0,,https://www.gabriels.am/,2026-09-28
https://www.genacvale.am/,0,,https://genacvale.am/,2026-09-28
https://www.gotcha.am/,10,"похоже, только один язык (туристы не поймут)",https://www.gotcha.am/,2026-09-28
https://www.grandhotelyerevan.com/,10,грузится медленно (4.1 c),https://www.grandhotelyerevan.com/,2026-09-28
https://www.grandresortjermuk.com/,0,,https://grandresortjermuk.com/,2026-09-28
https://www.groundzero.am/,20,"похоже, только один язык (туристы не поймут); нет кликабельного телефона/мессенджера",https://www.groundzero.am/,2026-09-28
https://www.hardrock.com/location/yerevan/,85,сайт выдаёт ошибку HTTP 404,https://www.hardrock.com/location/yerevan/,2026-09-28
https://www.hayarmtour.am/,0,,https://hayarmtour.am/,2026-09-28
https://www.hilton.com/en/hotels/evnyedi-doubletree-yerevan-city-centre/,,"сайт не пускает бота (HTTP 403), проверить вручную",https://www.hilton.com/en/hotels/evnyedi-doubletree-yerevan-city-centre/,2026-09-28
https://www.hostels.am,45,"нет HTTPS (Chrome пишет «Не защищено»); похоже, только один язык (туристы не поймут); нет кликабельного телефона/мессенджера; нет онлайн-брони/заказа",http://www.hostels.am,2026-09-28
https://www.hotelalva.am/,100,домен не работает (не продлён или не настроен),https://www.hotelalva.am/,2026-09-28
https://www.hotelartsakh.am/,,"сайт не пускает бота (HTTP 503), проверить вручную",https://www.hotelartsakh.am/,2026-09-28
https://www.hotelfleur.com/,10,"похоже, только один язык (туристы не поймут)",https://www.hugedomains.com/domain_profile.cfm?d=hotelfleur.com,2026-09-28
https://www.hotpub.am,0,,https://www.hotpub.am,2026-09-28
https://www.hovk.am/,5,"сделан на конструкторе (ограничения, нет своей админки)",https://www.hovk.am/,2026-09-28
https://www.hyurservice.com/,0,,https://hyurservice.com/en,2026-09-28
https://www.ihg.com/holidayinn/hotels/us/en/yerevan/evnyv/hoteldetail,,"сайт не пускает бота (HTTP 403), проверить вручную",https://www.ihg.com/holidayinn/hotels/us/en/yerevan/evnyv/hoteldetail,2026-09-28
https://www.implantclinic.am/,5,"сделан на конструкторе (ограничения, нет своей админки)",https://www.implantclinic.am/,2026-09-28
https://www.individuumdental.com,100,домен не работает (не продлён или не настроен),https://www.individuumdental.com,2026-09-28
https://www.instagram.com/202f.alternative/,100,"своего сайта нет, вместо него ссылка на соцсеть/агрегатор",https://www.instagram.com/202f.alternative/,2026-09-28
https://www.instagram.com/ando_the_professionals_salon,100,"своего сайта нет, вместо него ссылка на соцсеть/агрегатор",https://www.instagram.com/ando_the_professionals_salon,2026-09-28
https://www.instagram.com/apartmentsinyerevan?igsh=a3MyMGFyN2RzOW9h&utm_source=qr,100,"своего сайта нет, вместо него ссылка на соцсеть/агрегатор",https://www.instagram.com/apartmentsinyerevan?igsh=a3MyMGFyN2RzOW9h&utm_source=qr,2026-09-28
https://www.instagram.com/banderego/,100,"своего сайта нет, вместо него ссылка на соцсеть/агрегатор",https://www.instagram.com/banderego/,2026-09-28
https://www.instagram.com/bar_relokant/,100,"своего сайта нет, вместо него ссылка на соцсеть/агрегатор",https://www.instagram.com/bar_relokant/,2026-09-28
https://www.instagram.com/borshof/,100,"своего сайта нет, вместо него ссылка на соцсеть/агрегатор",https://www.instagram.com/borshof/,2026-09-28
https://www.instagram.com/cesko.wine.bar/,100,"своего сайта нет, вместо него ссылка на соцсеть/агрегатор",https://www.instagram.com/cesko.wine.bar/,2026-09-28
https://www.instagram.com/hayk_7788,100,"своего сайта нет, вместо него ссылка на соцсеть/агрегатор",https://www.instagram.com/hayk_7788,2026-09-28
https://www.instagram.com/itbak_cafe/,100,"своего сайта нет, вместо него ссылка на соцсеть/агрегатор",https://www.instagram.com/itbak_cafe/,2026-09-28
https://www.instagram.com/louvrehomesevan?igsh=cHRkbjE2aDc5cnpl&utm_source=qr,100,"своего сайта нет, вместо него ссылка на соцсеть/агрегатор",https://www.instagram.com/louvrehomesevan?igsh=cHRkbjE2aDc5cnpl&utm_source=qr,2026-09-28
https://www.instagram.com/mangocafeyerevan/,100,"своего сайта нет, вместо него ссылка на соцсеть/агрегатор",https://www.instagram.com/mangocafeyerevan/,2026-09-28
https://www.instagram.com/mayis.evn/,100,"своего сайта нет, вместо него ссылка на соцсеть/агрегатор",https://www.instagram.com/mayis.evn/,2026-09-28
https://www.instagram.com/tokyo_gyumri,100,"своего сайта нет, вместо него ссылка на соцсеть/агрегатор",https://www.instagram.com/tokyo_gyumri,2026-09-28
https://www.instagram.com/tolmatavern/,100,"своего сайта нет, вместо него ссылка на соцсеть/агрегатор",https://www.instagram.com/tolmatavern/,2026-09-28
https://www.janarmenia.com/,10,"похоже, только один язык (туристы не поймут)",https://janarmenia.com/,2026-09-28
https://www.jellyfish.am/,0,,https://www.jellyfish.am/,2026-09-28
https://www.jevoyage.am/,10,нет кликабельного телефона/мессенджера,https://www.jevoyage.am/,2026-09-28
https://www.karas.am,10,"похоже, только один язык (туристы не поймут)",https://www.karas.am,2026-09-28
https://www.karas.am/,10,"похоже, только один язык (туристы не поймут)",https://www.karas.am/,2026-09-28
https://www.kecharis.am,25,"похоже, только один язык (туристы не поймут); нет кликабельного телефона/мессенджера; нет онлайн-брони/заказа",https://www.kecharis.am,2026-09-28
https://www.kfc-armenia.com/,20,"похоже, только один язык (туристы не поймут); нет кликабельного телефона/мессенджера",https://www.kfc-armenia.com/,2026-09-28
https://www.khachikbb.com,50,не адаптирован под телефон (нет viewport); в подвале © 2017: сайт давно не обновляли; нет кликабельного телефона/мессенджера,https://www.khachikbb.com/en/,2026-09-28
https://www.limone.am/,20,"похоже, только один язык (туристы не поймут); нет кликабельного телефона/мессенджера",https://www.limone.am/,2026-09-28
https://www.mare.am,,"сайт не пускает бота (HTTP 403), проверить вручную",https://www.mare.am,2026-09-28
https://www.marriott.com/hotels/hotel-information/restaurant/evnmc-armenia-marriott-hotel-yerevan/,0,,https://www.marriott.com/en-us/hotels/evnmc-armenia-marriott-hotel-yerevan/dining/,2026-09-28
https://www.marriott.com/hotels/travel/evnmc-armenia-marriott-hotel-yerevan,,"сайт не пускает бота (HTTP 403), проверить вручную",https://www.marriott.com/hotels/travel/evnmc-armenia-marriott-hotel-yerevan,2026-09-28
https://www.matikyan.am/,25,"похоже, только один язык (туристы не поймут); нет кликабельного телефона/мессенджера; нет онлайн-брони/заказа",https://matikyan.am/,2026-09-28
https://www.medline.am/,10,"похоже, только один язык (туристы не поймут)",https://medlineclinic.am/,2026-09-28
https://www.messier53.com/,45,"нет HTTPS (Chrome пишет «Не защищено»); похоже, только один язык (туристы не поймут); нет кликабельного телефона/мессенджера; нет онлайн-брони/заказа",http://ww16.messier53.com/?sub1=20260928-1215-084f-b000-02e01eec1e21,2026-09-28
https://www.mimino.info/,80,"сертификат HTTPS сломан (браузер пугает посетителей); нет HTTPS (Chrome пишет «Не защищено»); похоже, только один язык (туристы не поймут); нет кликабельного телефона/мессенджера; грузится медленно (7.7 c)",http://mimino.info/,2026-09-28
https://www.monkhauscocktailbar.com/,100,домен не работает (не продлён или не настроен),https://www.monkhauscocktailbar.com/,2026-09-28
https://www.monopatisserie.com/,20,"похоже, только один язык (туристы не поймут); нет кликабельного телефона/мессенджера",https://www.monopatisserie.com/,2026-09-28
https://www.morena.am/,,"сайт не пускает бота (HTTP 503), проверить вручную",https://www.morena.am/,2026-09-28
https://www.mrgyros.am/,15,в подвале © 2020: сайт давно не обновляли,https://www.mrgyros.am/,2026-09-28
https://www.nerobean.am/,0,,https://nerobean.am/,2026-09-28
https://www.nerobean.coffee/,100,домен не работает (не продлён или не настроен),https://www.nerobean.coffee/,2026-09-28
https://www.norzovq.am,85,сайт выдаёт ошибку HTTP 525,https://www.norzovq.am,2026-09-28
https://www.norzovq.am/,85,сайт выдаёт ошибку HTTP 525,https://www.norzovq.am/,2026-09-28
https://www.oldbridgewinery.com/,20,"похоже, только один язык (туристы не поймут); нет кликабельного телефона/мессенджера",https://www.oldbridgewinery.com/,2026-09-28
https://www.olympia.am/,25,"старый jQuery 1.10; сделан на конструкторе (ограничения, нет своей админки); похоже, только один язык (туристы не поймут)",https://olympia.am/,2026-09-28
https://www.operasuitehotel.com/,30,сертификат HTTPS сломан (браузер пугает посетителей),https://operasuitehotel.com/,2026-09-28
https://www.panoramayerevan.com/,10,нет кликабельного телефона/мессенджера,https://www.panoramayerevan.com/,2026-09-28
https://www.papaninohouse.com/,70,"сертификат HTTPS сломан (браузер пугает посетителей); нет HTTPS (Chrome пишет «Не защищено»); похоже, только один язык (туристы не поймут); нет кликабельного телефона/мессенджера",http://www.papaninohouse.com/,2026-09-28
https://www.pizzanapoletana.org/en/associati/852-napoletana_armenia,10,"похоже, только один язык (туристы не поймут)",https://www.pizzanapoletana.org/en/associati/852-napoletana_armenia,2026-09-28
https://www.poutine.am/,100,домен не работает (не продлён или не настроен),https://www.poutine.am/,2026-09-28
https://www.radissonblu.com/en/hotel-yerevan,,"сайт не пускает бота (HTTP 403), проверить вручную",https://www.radissonblu.com/en/hotel-yerevan,2026-09-28
https://www.radissonhotels.com/en-us/hotels/radisson-gyumri,,"сайт не пускает бота (HTTP 403), проверить вручную",https://www.radissonhotels.com/en-us/hotels/radisson-gyumri,2026-09-28
https://www.rena.am/,10,"похоже, только один язык (туристы не поймут)",https://rena.am/,2026-09-28
https://www.saberatours.am/,10,"похоже, только один язык (туристы не поймут)",https://www.saberatours.am/,2026-09-28
https://www.salonarmenian.com/,100,домен не работает (не продлён или не настроен),https://www.salonarmenian.com/,2026-09-28
https://www.samuraisushi.online/,5,"сделан на конструкторе (ограничения, нет своей админки)",https://www.samuraisushi.online/,2026-09-28
https://www.sas.am,0,,https://www.sas.am,2026-09-28
https://www.sas.am/,0,,https://www.sas.am/,2026-09-28
https://www.sas.am/food/,0,,https://www.sas.am/food/,2026-09-28
https://www.smiletravel.am,100,домен не работает (не продлён или не настроен),https://www.smiletravel.am,2026-09-28
https://www.sochipalace.am,20,старый jQuery 1.11; нет кликабельного телефона/мессенджера,https://www.sochipalace.am/en,2026-09-28
https://www.sorriso.am/,5,"сделан на конструкторе (ограничения, нет своей админки)",https://www.sorriso.am/,2026-09-28
https://www.spayka.am/en/maintenance.html,10,нет кликабельного телефона/мессенджера,https://www.spayka.am/en/maintenance.html,2026-09-28
https://www.stopclub.am/,85,сайт выдаёт ошибку HTTP 530,https://www.stopclub.am/,2026-09-28
https://www.syrovarnya.com/erevan,0,,https://www.syrovarnya.com/erevan,2026-09-28
https://www.syrovarnya.com/restaurants/erevan,0,,https://www.syrovarnya.com/restaurants/erevan,2026-09-28
https://www.takhthouse.com/,0,,https://takhthouse.com/,2026-09-28
https://www.tashirpizza.am,,"сайт не пускает бота (HTTP 403), проверить вручную",https://www.tashirpizza.am,2026-09-28
https://www.tashirpizza.am/,,"сайт не пускает бота (HTTP 403), проверить вручную",https://www.tashirpizza.am/,2026-09-28
https://www.the-italian.at/,50,"не адаптирован под телефон (нет viewport); похоже, только один язык (туристы не поймут); нет кликабельного телефона/мессенджера; нет онлайн-брони/заказа",https://www.the-italian.at/,2026-09-28
https://www.theclub.am/,10,"похоже, только один язык (туристы не поймут)",https://theclub.am/,2026-09-28
https://www.tokyooo.restaurant/,5,"сделан на конструкторе (ограничения, нет своей админки)",https://www.tokyooo.restaurant/,2026-09-28
https://www.tomus-hotel.business.site/,100,"сайт на Google business.site, Google отключил такие сайты в 2024: ссылка ведёт в пустоту",https://www.tomus-hotel.business.site/,2026-09-28
https://www.toonarmeni.am/,5,"сделан на конструкторе (ограничения, нет своей админки)",https://www.toonarmeni.am/,2026-09-28
https://www.toscana.am,15,"сделан на конструкторе (ограничения, нет своей админки); похоже, только один язык (туристы не поймут)",https://toscana.am/,2026-09-28
https://www.tumanyanshaurma.am/,10,"похоже, только один язык (туристы не поймут)",https://www.tumanyanshaurma.am/,2026-09-28
https://www.twinsburger.am/,10,"похоже, только один язык (туристы не поймут)",https://www.twinsburger.am/,2026-09-28
https://www.vardanants.am/,10,грузится медленно (4.3 c),https://www.vardanants.am/hy,2026-09-28
https://www.villanor.am/,100,домен не работает (не продлён или не настроен),https://www.villanor.am/,2026-09-28
https://www.vivas.am/,100,домен не работает (не продлён или не настроен),https://www.vivas.am/,2026-09-28
https://www.vivasanint.com/,20,"похоже, только один язык (туристы не поймут); нет кликабельного телефона/мессенджера",https://www.vivasanint.com/en-us/,2026-09-28
https://www.volvotrucks.am,20,"похоже, только один язык (туристы не поймут); нет кликабельного телефона/мессенджера",https://www.volvotrucks.am/am/,2026-09-28
https://www.wigmore.am/,15,нет кликабельного телефона/мессенджера; нет онлайн-брони/заказа,https://www.wigmore.am/,2026-09-28
https://www.wyndhamhotels.com/,0,,https://www.wyndhamhotels.com/,2026-09-28
https://www.yeremyanprojects.com/en/restaurants/livingston,10,нет кликабельного телефона/мессенджера,https://www.yeremyanprojects.com/en/restaurants/livingston,2026-09-28
https://www.yeremyanprojects.com/en/restaurants/sherep,10,нет кликабельного телефона/мессенджера,https://www.yeremyanprojects.com/en/restaurants/sherep,2026-09-28
https://www.yeremyanprojects.com/en/restaurants/tavern-yerevan-riverside,10,нет кликабельного телефона/мессенджера,https://www.yeremyanprojects.com/en/restaurants/tavern-yerevan-riverside,2026-09-28
https://www.yeremyanprojects.com/restaurants/lavash,10,нет кликабельного телефона/мессенджера,https://www.yeremyanprojects.com/restaurants/lavash,2026-09-28
https://xinkali.am/,0,,https://xinkali.am/hy/,2026-09-28
https://yerevan-city.am,10,"похоже, только один язык (туристы не поймут)",https://yerevan-city.am,2026-09-28
https://yerevan-city.am/,10,"похоже, только один язык (туристы не поймут)",https://yerevan-city.am/,2026-09-28
https://yerevan.sushivesla.org/,25,"похоже, только один язык (туристы не поймут); нет кликабельного телефона/мессенджера; нет онлайн-брони/заказа",https://yerevan.sushivesla.org/,2026-09-28
https://yerevanplace.com/,0,,https://yerevanplace.com/,2026-09-28
https://zxgarage.am/,25,"похоже, только один язык (туристы не поймут); нет кликабельного телефона/мессенджера; нет онлайн-брони/заказа",https://zxgarage.am/am,2026-09-28
maoor.am,100,домен не работает (не продлён или не настроен),https://maoor.am,2026-09-28
nurhotel.com,95,"сертификат HTTPS сломан (браузер пугает посетителей); нет HTTPS (Chrome пишет «Не защищено»); не адаптирован под телефон (нет viewport); похоже, только один язык (туристы не поймут); нет кликабельного телефона/мессенджера",http://nurhotel.com,2026-09-28
panossianhotel.am,100,домен не работает (не продлён или не настроен),https://panossianhotel.am,2026-09-28
wintravel.am,100,домен не работает (не продлён или не настроен),https://wintravel.am,2026-09-28
www.ecotour.am,100,домен не работает (не продлён или не настроен),https://www.ecotour.am,2026-09-28
www.facebook.com/cascaderoyal/?fref=ts,100,"своего сайта нет, вместо него ссылка на соцсеть/агрегатор",www.facebook.com/cascaderoyal/?fref=ts,2026-09-28
www.fooddpot.am,100,домен не работает (не продлён или не настроен),https://www.fooddpot.am,2026-09-28
www.formulamotors.am,100,домен не работает (не продлён или не настроен),https://www.formulamotors.am,2026-09-28
www.hostels.am,45,"нет HTTPS (Chrome пишет «Не защищено»); похоже, только один язык (туристы не поймут); нет кликабельного телефона/мессенджера; нет онлайн-брони/заказа",http://www.hostels.am,2026-09-28
www.onewayhostel.am,100,домен не работает (не продлён или не настроен),https://www.onewayhostel.am,2026-09-28
www.pandokyerevan.com,,"сайт не ответил серверу проверки (TimeoutError), проверить вручную",https://www.pandokyerevan.com,2026-09-28
www.smiletravel.am,100,домен не работает (не продлён или не настроен),https://www.smiletravel.am,2026-09-28
www.zanger.am,100,домен не работает (не продлён или не настроен),https://www.zanger.am,2026-09-28
