osm_id,name,name_en,name_ru,category,city,street,phone,website,instagram,facebook,telegram,email,lat,lon
way/1197663886,001,,,автосервис,Ванадзор,,,,,,,,40.8117773,44.4862567
node/10741733461,Auto Lider,,,автосервис,Ванадзор,,,,,,,,40.8106655,44.4768016
way/1488954013,Jauto.am,Jauto.am,,автосервис,Гюмри,,+374 33 33 36 37,,,,,,40.8139448,43.8310498
node/10761495810,KM,,,автосервис,Ванадзор,,,,,,,,40.8141407,44.4957958
node/2272331895,Lendrush Motors,,,автосервис,Ванадзор,,,,,,,,40.8139272,44.4732627
node/14114178096,Tigran Atabekyan,,,автосервис,Дилижан,Զորավար Անդրանիկի փողոց 26,+374 98 889860,,,,tigranatabekyan,,40.7427503,44.8564085
node/4600335945,Автоэлектрик,Auto-Electrical,,автосервис,Ванадзор,,,,,,,,40.8218719,44.4802947
node/13099842401,Развал схождение 3D,,,автосервис,Гюмри,,098444366,,,,,,40.8179649,43.813412
node/11811997571,Ավտոսերվիս,Car repair store,,автосервис,Гюмри,,+37498444366,,,,,,40.8179789,43.8132367
way/241569924,Ավտովերանորոգում,,,автосервис,Ванадзор,,,,,,,,40.8120179,44.4946355
way/386901262,Ավտոտեխսպասարկման կետ,,,автосервис,Ванадзор,,,,,,,,40.8142311,44.4922167
node/14211563501,Գյումրի ավտոէլեկտրիկ,,Автоэлектрик Гюмри,автосервис,Гюмри,Շիրակացու փողոց 25/4,+37493583380,https://t.me/Leninakan_electrician,leninakan_electrician_service,,,serhio.razin@gmail.com,40.7991466,43.8362206
node/13403219619,Dili Dom,,,апартаменты,Дилижан,Մաքսիմ Գորկու փողոց 62,,,,,,,40.742591,44.8687182
way/1536782490,FillHouseDilijan,,,апартаменты,Дилижан,Մխիթարյան փողոց 8/1,+374 98 577775,,fillhousedilijan,trianglebyfillhousedilijan,,,40.7500451,44.8820536
node/13967831379,Bar Bar Art Gallery,,,бар,Гюмри,,,,https://www.instagram.com/barbar_artgallery/,,,,40.7886696,43.8428259
relation/21388961,Bar №1,,,бар,Дилижан,Միխայիլ Կալինինի փողոց 236/1,,,,,barN1Kliver,,40.7411165,44.8394459
node/4411401284,Cafe Rai,,,бар,Ехегнадзор,,,,,,,,39.7613955,45.3286039
node/8901697317,Gyumri Garden house (GGH),Gyumri Garden house (GGH),,бар,Гюмри,Աբովյան փողոց,,,,,,,40.7872764,43.8407193
node/5991951785,Montecristo,MONTECRISTO,,бар,Гюмри,,+37477231319,https://m.facebook.com/Montecristo-%EF%B8%8F-Toscana-1758255667583563/,,,,sevasaroyan6s@mail.ru,40.8070696,43.8471081
node/14016965394,Picasso,,,бар,Гюмри,,,,picasso.gyumri,,,,40.7876842,43.840357
node/10799373305,Rasputin,,,бар,Гюмри,,+37477616619,https://gyumri.bar,,,,,40.786076,43.8398205
node/10923726998,Tetra bar,,,бар,Гюмри,Ռուսթավելի փողոց 39,,,,,,,40.7889965,43.8422588
way/633255198,The Kliver Wine Place,,,бар,Дилижан,Մյասնիկյան փողոց 32,+374 94 097874,,thekliver_dilijan,,,,40.73871,44.8684566
node/13968945903,Tol,,,бар,Гюмри,Ghorghanayn Street 234/1,,,,,,,40.7879649,43.8399995
node/14031464580,Բեղլու,Beghloo,,бар,Гюмри,Հովհաննես Շիրազի փողոց 5,,,https://www.instagram.com/beghloo_cafe_bar,,,,40.7877512,43.8385402
node/11084072327,Ինչևէ,Incheve,,бар,Гюмри,Ghorghanyan 234/1 234/1,,,https://www.instagram.com/incheve_winebar/,,,,40.7878913,43.8399974
node/5097691022,Սևան,Sevan,Севан,бар,Севан,,,,,,,,40.5348836,44.9759246
node/2399437841,"""MagHay B&B""",,,гостевой дом,Ванадзор,Ազատամարտիկների փուրակ 21,"+374 91 38 03 05,+374 77 79 40 29,+374 322 4 52 59",,,,,,40.805098,44.4926334
way/293460521,3+2,,,гостевой дом,Дилижан,Գայի փողոց 34/1,+374 77 617465,,,,,,40.7520258,44.8925177
way/1473476930,A Frame Dili Lanj,,,гостевой дом,Дилижан,Այգեստանի 2-րդ նրբանցք 12-14,+374 55 132606,,a_frame_dililanj,,,,40.7498857,44.8314091
way/293458029,ART-ashes,,,гостевой дом,Дилижан,Շարամբերյան փողոց 8,+374 99 296060,https://www.airbnb.com.au/rooms/1645672993215622487,,,,,40.7395693,44.8688193
way/293458351,Anahit,,,гостевой дом,Дилижан,Անդրանիկի 2-րդ նրբանցք 15,,,,,,,40.7424321,44.8551535
node/13263872551,Ananov,,,гостевой дом,Дилижан,,+374 94 030883,https://old-dilijan.tufenkianheritage.com/rooms/suite-room/,,,,dilijan@tufenkian.am,40.7397668,44.8697171
way/293459554,Aniki-Tanuki,,,гостевой дом,Дилижан,Օրջոնիկիդզեի 1-ին նրբանցք 5Ա,,,anuki_tanuki_dilijan,,,,40.7458838,44.8792941
node/13631077135,Anna,,,гостевой дом,Дилижан,,,,,,,,40.7392787,44.8483264
way/1469317992,Ara Cottage House,,,гостевой дом,Дилижан,Արցախի փողոց 1/3,+374 98 616100,,ara_cottage_house_dilijan,,,,40.7452189,44.8558572
way/528426886,Areguni,,,гостевой дом,Дилижан,Գետափնյա փողոց 68/5,+374 95 212390,,,https://www.facebook.com/profile.php?id=100056187286223,,,40.740069,44.848144
way/1473476934,Ariverev,,,гостевой дом,Дилижан,Այգեստանի 1-րդ նրբանցք 12/12,+374 99 939039,,ariverev_dilijan,,,,40.7519858,44.8328351
way/1461361329,Arman,,,гостевой дом,Дилижан,Մաքսիմ Գորկու փողոց 70,,,,,,,40.7431119,44.869167
way/1551605757,Armenia B/B,,,гостевой дом,Дилижан,Միխայիլ Կալինինի փողոց 125Ա,+374 77 386339,,,BedandbreakfastAmalyaBandB125,,amalya.hakhverdyan@mail.ru,40.7393723,44.8520314
node/6435308413,Armine's B&B - Bed and Breakfast,,,гостевой дом,Севан,Abovyan Street 31,,,,,,,40.550611,44.9520624
node/12895623301,Armoon,,,гостевой дом,Гюмри,Ղորղանյան փողոց 81,,,,,,,40.7898809,43.8403879
node/12681341456,ArtStar,,,гостевой дом,Севан,,,,,,,,40.5377793,44.9626127
way/1478654335,Asine,,,гостевой дом,Дилижан,Գետափնյա փողոց 80/3,+374 93 890870,,,https://www.facebook.com/profile.php?id=100063908319460,,,40.7404672,44.8412571
node/7573094083,Aurum Trip Guest House,,,гостевой дом,Севан,Isakov street 41,,,,,,,40.5617073,44.98531
way/809968049,Aurum Trip Guest House,,,гостевой дом,Севан,Իսակովի փողոց 41,,,,,,,40.5617213,44.985346
way/293458335,B&B Araz,,,гостевой дом,Дилижан,Անդրանիկի 2-րդ նրբանցք 7,+374 94140415,,nice.house.dilijan,,,,40.7424696,44.8541872
node/5026750321,B&B LUSYA,,,гостевой дом,Ехегнадзор,Խաչատրյան փողոց 28,+374 93 227991,,,,,,39.7725678,45.3285545
node/3666242229,B&B Yura,,,гостевой дом,Ехегнадзор,Spandaryan 45,+374 93 696942,,,,,,39.7718496,45.3292084
node/13180470101,Babulya House,,,гостевой дом,Гюмри,Mayakovski Street 95,,,,,,,40.7819519,43.8484488
way/537943281,Balkonchik,,,гостевой дом,Дилижан,Գայի փողոց 90/1,,,,,,,40.7533885,44.901993
way/293447037,Bella Vista,,,гостевой дом,Дилижан,Կալինինի 2-ին նրբանցք 16,+374 94 533595,,,bella.guesthouse.dilijan,,,40.7418448,44.8458931
way/293457952,Best Rest,,,гостевой дом,Дилижан,Մաքսիմ Գորկու փողոց 3,,,,,,,40.7378734,44.864015
way/293460603,Casa di Lasky,,,гостевой дом,Дилижан,Հովսեփյան փողոց 48,+374 93 046904,,casadelasky,https://www.facebook.com/profile.php?id=61580101312980,,laskysvetlana@gmail.com,40.7517963,44.8969962
way/293458704,Chill House,,,гостевой дом,Дилижан,Զորավար Անդրանիկի փողոց 32,+374 94 003366,,chill_house_dilijan,ChillHouseDilijan,,,40.7427307,44.8571637
way/1469318038,DN House,,,гостевой дом,Дилижан,Արցախի 4-րդ նրբանցք 1/1,+374 96 309999,https://airbnb.com/rooms/662942564280794225,dnhousedilijan,DNdilijanhouse,,,40.74689,44.853167
way/293458435,Dil Hill by Sam,,,гостевой дом,Дилижан,Կալինինի 1-ին նրբանցք 90,+374 94 996699,,,dilhillguesthouse,,dilhill.bs@gmail.com,40.7415166,44.8556279
way/1537752081,DilAri,,,гостевой дом,Дилижан,,+374 33 104050,https://price.dilari.am/,dilari.am,dilari.am,dilari_am,,40.7529429,44.8870728
way/1537812066,Dilbo House,,,гостевой дом,Дилижан,Կամոյի 3-րդ նրբանցք 5,+374 93 969889,,dilbo.house.dilijan,,,,40.7232818,44.8524407
way/293447507,Dili Angeles,,,гостевой дом,Дилижан,Այգեստանի 2-րդ նրբանցք 12Ա,+374 91 767649,,dili.angeles,DiliAngelesGuestHouse,,dili.angeles@mail.ru,40.7503504,44.8319631
way/1450413767,Dili Drream,,,гостевой дом,Дилижан,Իվանովոյի փողոց 24/1,+374 41 535531,,dili.dream,,,,40.7428056,44.8531037
way/293448930,Dili House,,,гостевой дом,Дилижан,Մխիթարյան փողոց 2,,,,,,,40.7495897,44.8805465
way/293446661,Dili Moon,,,гостевой дом,Дилижан,Միխայիլ Կալինինի փողոց 141,+374 43 110070,,dilimoon_dilijan,https://www.facebook.com/profile.php?id=61552640903258,,alaisedilijan@gmail.com,40.7400612,44.8494983
way/293461560,Dili Villa,Dili Villa,Дили Вилла,гостевой дом,Дилижан,Մյասնիկյան փողոց 12,+374 26 827059,https://www.dilivilla.com,,dilitours,,dilitours@gmail.com,40.733919,44.8679286
way/1105530732,Dili food,,,гостевой дом,Дилижан,Շահումյան փողոց 1/1,+374 94 587275,,,,,,40.750838,44.8874901
way/293460302,DiliGarden,,,гостевой дом,Дилижан,Սայաթ-Նովայի փողոց 70,+374 44 776080,,diligarden_,https://www.facebook.com/profile.php?id=100082822522928,,,40.7526093,44.8871853
way/632926694,Dilidorf,,,гостевой дом,Дилижан,Խորհուրդների փողոց 15/1,,,,,,,40.7360767,44.8673292
way/1450977761,DilijAnYan,,,гостевой дом,Дилижан,Խորհուրդների փողոց 43/1,+374 95 044330,,,,,,40.7353396,44.8681473
way/1450407807,Dilijan Aqualin Villa,,,гостевой дом,Дилижан,Տիգրան Պետրոսյանի 1-ին նրբանցք 11,+374 44 930088,,dilijan_aqualin_villa,https://www.facebook.com/profile.php?id=61580384163512,,,40.7430176,44.8450325
way/293449642,Dilijan Boutique House,,,гостевой дом,Дилижан,Գետափնյա փողոց 26,+374 44 177899,,_dilijan_boutique_house,https://www.facebook.com/profile.php?id=61568315443007,,vikiruslani77@gmail.com,40.7389255,44.8504797
way/1311520620,Dilijan Gold Resort,,,гостевой дом,Дилижан,Սարի փողոց 9,+374 94 457484,,dilijangold._.resort,https://www.facebook.com/p/Dilijan-GOLD-resort-61553627525890/,,,40.7434207,44.8861047
way/1454514062,Dilijan Gold Resort 2,,,гостевой дом,Дилижан,Սարի փողոց 12/1,+374 94 457484,,dilijangold._.resort/,https://www.facebook.com/p/Dilijan-GOLD-resort-61553627525890/,,,40.7430204,44.8860777
way/1454514063,Dilijan Gold Resort 3,,,гостевой дом,Дилижан,Սարի փողոց 12/2,+374 94 457484,,dilijangold._.resort/,https://www.facebook.com/p/Dilijan-GOLD-resort-61553627525890/,,,40.7429643,44.8862299
way/1473476940,Dilijan Nature Cabin,,,гостевой дом,Дилижан,Շամախյան փողոց 150/1,+374 91 198568,,https://www.instagram.com/dilicabin/,https://www.facebook.com/profile.php?id=61555335207324,,dilicabin@gmail.com,40.7583968,44.8383175
node/13484755649,Dilijan One,,,гостевой дом,Дилижан,,+374 77 722966,,dilijan_one_guesthouse,https://www.facebook.com/profile.php?id=100076274634450,,,40.742569,44.8522912
way/293460610,Dilijan Orran,,,гостевой дом,Дилижан,Հովսեփյան փողոց 26,+374 93 996055,,,https://www.facebook.com/p/Dilijan-orran-100057520236320/,,dilijanorran@gmail.com,40.7513525,44.8937889
way/1551151717,Dilijan Rest,,,гостевой дом,Дилижан,Հակոբջանյան փողոցի 3-րդ նրբանցք 8/1,+374 55 612600,https://dilijan.rest,,,,,40.7502289,44.8831853
way/1452473336,Ditaket Dilijan,,,гостевой дом,Дилижан,Մոլդովական փողոց 18,+374 99 202404,,ditaket_dilijan/,https://www.facebook.com/profile.php?id=61570462921721,,ditaketdilijan@gmail.com,40.7426674,44.8313671
node/14113418885,Doctor's House 42,,,гостевой дом,Дилижан,Գետափնյա փողոց 42,+374 95 550992,,doctors_house_dilijan,https://www.facebook.com/profile.php?id=61552514159998,,,40.7397011,44.8492177
node/3008116163,Donara B & B,,,гостевой дом,Гюмри,,,,,,,,40.7857832,43.850092
node/10739508460,Down Town,,,гостевой дом,Ванадзор,,+374 77 020299,,,,,,40.8095589,44.4874267
way/727974056,Dream Home,,,гостевой дом,Ванадзор,Զորավար Անդրանիկի փողոց 11,+374 32249199,,,,,,40.8005823,44.4993159
way/293457941,Durr 32,,,гостевой дом,Дилижан,Մաքսիմ Գորկու փողոց 32,,,,,,,40.7370217,44.8647736
way/1453352258,Eco Cottages,,,гостевой дом,Дилижан,Աթարբեկյան փողոց 7/2,+374 94 605665,,eco_cottages_by_dilijanvillas,https://www.facebook.com/profile.php?id=61576388097206,,,40.7474081,44.8785632
way/1105530731,Elka Cottage,,Ёлка Коттедж,гостевой дом,Дилижан,,+374099377070,,,,,,40.7521801,44.8888058
node/14087121001,Eva Grand House Dilijan,,,гостевой дом,Дилижан,Օրջոնիկիձեի 4-րդ նրբանցք 4,,,,,,,40.7434314,44.877181
way/293458344,Family & Friends,,,гостевой дом,Дилижан,Անդրանիկի 1-ին նրբանցք 7,+374 77 010560,,,FFguesthouse,,Family.FriendsGH@gmail.com,40.74182,44.8543273
way/293459341,Fillijan_gallery,,,гостевой дом,Дилижан,Մյասնիկյան փողոց 93,+374 98 577775,,fillijan_gallery,https://www.facebook.com/profile.php?id=100086029610415,,aridilijan@gmail.com,40.7471716,44.8764744
way/293458352,Flowers Garden,,,гостевой дом,Дилижан,Անդրանիկի 2-րդ նրբանցք 18,,,,,,,40.7421691,44.855339
way/293459650,Frangulyan Rest House,,,гостевой дом,Дилижан,Հակոբջանյան փողոցի 1-րդ նրբանցք 20Ա,+374 93 808270,,frangulyanrest,frangulyanresthouse,,frangulyanresthouse@outlook.com,40.7480271,44.8815702
way/1531509218,Garden Inn,,,гостевой дом,Севан,Երևան-Դիլիջան մայրուղի 54,+37491822228,https://gardeninnresort.com/,gardeninn.resortsevan,GardenInnResortSevan,,gardeninnsevan@gmail.com,40.5650355,45.0000685
node/6964802671,Gaspar Family Homes,Gaspar Family Homes,,гостевой дом,Гюмри,Դաշտենցի փողոց 75,,,,,,,40.7830413,43.8530935
node/3559888816,Gohar Guest House,,,гостевой дом,Ехегнадзор,Սպանդարյան փողոց 44,+374 93 826477,,,,,,39.7691394,45.329467
way/293449734,Gokor,,,гостевой дом,Дилижан,Միխայիլ Կալինինի փողոց 33,+374 96 962660,,,Gokor.Ghazaryan55,,emma.papyan@mail.ru,40.7396535,44.8604752
node/9874450547,Gor Guesthouse,,,гостевой дом,Дилижан,,+374 94 190212,,,,,,40.7411094,44.8434343
way/293458350,Green Dilijan B&B,Green Dilijan B&B,,гостевой дом,Дилижан,Անդրանիկի 2-րդ նրբանցք 13,+374 41 367778,,,,,,40.7424388,44.8548992
way/1551605758,Green Garden / Paloma Inn,,,гостевой дом,Дилижан,Գետափնյա փողոց 2,+374 94 636656,,green.garden.dilijan,https://www.facebook.com/profile.php?id=61561033626018,,,40.7386381,44.8528887
way/293458399,Green Park,,,гостевой дом,Дилижан,Կալինինի 1-ին նրբանցք 92,+374 98 681637,,,,,,40.7414445,44.8560365
node/5009958761,Guesthouse Nataly,,,гостевой дом,Ехегнадзор,,+374 94 979989,,,,,,39.7669415,45.3260378
way/293459619,Hello,,,гостевой дом,Дилижан,Օրջոնիկիդզեի 1-ին նրբանցք 16,,,,,,,40.7467014,44.8813995
way/1450770870,Home Jan Dilijan,,,гостевой дом,Дилижан,Սարալանջի 2-ին նրբանցք 23,+374 93 396292,,home_jan_dilijan,,,,40.7481191,44.8394373
node/5217695611,Hrach Hostel/ Guesthouse,,,гостевой дом,Гюмри,,,,,,,,40.7875044,43.8535575
way/1450770893,Jans,,,гостевой дом,Дилижан,Սարալանջի 9-րդ նրբանցք 15,+374 99 887709,,hotel_jans,,,,40.742786,44.8395101
way/293459263,Jermatun,,,гостевой дом,Дилижан,Օրջոնիկիդզեի 2-րդ նրբանցք 12,+374 41 252526,,jermatun,Jermatun,,jermatun@gmail.com,40.7458764,44.8814218
way/293447287,Kamurji Tak,,,гостевой дом,Дилижан,Միխայիլ Կալինինի փողոց 314Ա,,,,,,,40.7405194,44.8379555
way/1470361072,Kangar 37,,,гостевой дом,Дилижан,,+374 77 570402,,kangar37_,kangar37guesthouse,,,40.7537097,44.8393005
node/5026749917,Karine B&B,,,гостевой дом,Ехегнадзор,Սպանդարյան փողոց 66,+374 94 600647,,,,,mannnch@gmail.com,39.7714999,45.329504
node/10970762505,Kotun,,,гостевой дом,Гюмри,,,,kotungyumri,,,,40.7897784,43.8484289
way/1536782487,Legato House,,,гостевой дом,Дилижан,Օրջոնիկիձեի 4-րդ նրբանցք 80/4,+374 91 353010,,,,,,40.7417394,44.878142
node/3559347394,Lilith b&b,,,гостевой дом,Ехегнадзор,,+374 94 338806,,,,,,39.7702243,45.3387855
node/10742950476,Lori,,,гостевой дом,Ванадзор,,+374 93 202055,,,,,lori.guest.house@mail.ru,40.8136198,44.480297
node/4384420793,MY HOME B&B,My Home B&B,,гостевой дом,Гюмри,sundukyan 172,093113376,,,,,artiomharoutunian@yahoo.com,40.7822334,43.8469438
way/1536383343,MaRu House,,,гостевой дом,Дилижан,Կամոյի փողոց 58,+374 96 520020,,maru_house_dilijan,https://www.facebook.com/profile.php?id=61554953057497,,,40.7230966,44.8560944
way/1450770806,Magic Dilijan,,,гостевой дом,Дилижан,Տիգրան Պետրոսյանի 3-րդ նրբանցք 8/1,+374 55 222527,,magic_dilijan,https://www.facebook.com/p/Magic-Dilijan-61555300416194/,,magicdilijan@gmail.com,40.7445895,44.8478241
way/293449829,Magnit B&B,,,гостевой дом,Дилижан,Միխայիլ Կալինինի փողոց 86,+374 93 22 47 25,,,,,,40.739895,44.8544258
node/13031463802,Mashtots B&B,,,гостевой дом,Ванадзор,Mashtots street 30,,,,,,,40.8028449,44.5030991
way/293448981,Mer Toon,,,гостевой дом,Дилижан,Մյասնիկյան փողոց 145,+374 99 223060,,mer_toon_dilijan,https://www.facebook.com/profile.php?id=61558054272452,,,40.7516248,44.8851076
way/293449421,MilSar,,,гостевой дом,Дилижан,Շահումյանի 2-րդ նրբանցք 12,+374 96 909999,,milsar__guesthouse,,,,40.753727,44.8897487
way/1450770824,Miracle View,,,гостевой дом,Дилижан,Տիգրան Պետրոսյան փողոց 3/3,+374 99 663333,,dilijan_miracle_view,Miracle.View.Dilijan,,,40.7459105,44.8465745
node/14094159601,Nina B&B,,,гостевой дом,Дилижан,Մյասնիկյան փողոց 18,,,,,,,40.7371669,44.8665495
way/1536366876,Noor Dilijan,,,гостевой дом,Дилижан,Աբովյան փողոց 3/2,+374 91 803090,,noordilijanguesthouse,https://www.facebook.com/profile.php?id=61577792322056,,dilijan.noor@gmail.com,40.7424454,44.8254515
node/13026173707,Norik's guest house,,,гостевой дом,Севан,,,,,,,,40.5466832,44.9500576
way/729843677,Noy B&B,,,гостевой дом,Ванадзор,Չապաևի փողոց 3,+374 93 749702,,,,,,40.8044085,44.5097638
way/293459490,Nushka's Place,,,гостевой дом,Дилижан,Մանթաշյան փողոց 1Ա,+374 41 347194,,,nushkasplace,,nushkasplace@gmail.com,40.7458134,44.8734547
way/293459822,Ojakh,,,гостевой дом,Дилижан,Մյասնիկյանի 1-ին նրբանցք 5,+374 93 443582,,,,,,40.7515061,44.8821307
way/293458017,Old Dili,Old Dili,Старый Дили,гостевой дом,Дилижан,Շարամբերյան փողոց 10Ա,,,old_dili,,,,40.7397502,44.8694009
node/13484781156,One in Dilijan,,,гостевой дом,Дилижан,Այգեստանի փողոց 53,+374 99 872999,,one_in_dilijan,,,,40.75442,44.8342007
way/1537290553,Panorama Dilijan,,,гостевой дом,Дилижан,Միխայիլ Կալինինի փողոց 286,+374 98 324447,,panorama.dilijan,PanoramaDilijan,,panorama.dilijan@gmail.com,40.7411374,44.8310269
way/992323705,Paxlava,,,гостевой дом,Дилижан,Մյասնիկյան փողոց 33,+374 99 414555,,paxlavadilijan,paxlavadilijan,,info@pakhlava.am,40.7387683,44.8656251
way/293458027,Petit Dilijan,,,гостевой дом,Дилижан,Շարամբերյան փողոց 22,+374 55 192882,,guest_house_petit_dilijan,Petitdilijan,,,40.7398869,44.8684993
way/293449019,Pussy willow,,,гостевой дом,Дилижан,Ուսանողական փողոց 14,+374 43 112035,https://www.airbnb.com/rooms/1390419759762415558,,,,,40.7529387,44.8861647
way/1551605764,Raisa,,,гостевой дом,Дилижан,Միխայիլ Կալինինի փողոց 11Ա,+374 99 094564,,,,,,40.7400661,44.8624195
way/1558582510,RedRose,,,гостевой дом,Дилижан,Միխայիլ Կալինինի փողոց 230,+374 77 462644,,,https://www.facebook.com/profile.php?id=100085071042809,,,40.741281,44.8399569
node/14113530013,Remember Me B&B,,,гостевой дом,Дилижан,Մյասնիկյան փողոց 78,,,,,,,40.7428217,44.8725094
way/293449365,Rent House Dilijan,,,гостевой дом,Дилижан,Ուսանողական փողոց 10,+374 33 543 543,,renthouse_dilijan,renthousedilijan,,,40.7523566,44.8862786
way/293460262,Reserve Dilijan,,,гостевой дом,Дилижан,Սայաթ-Նովայի փողոց 85,+374 91 33 55 60,,https://www.instagram.com/reservedilijan,,,reservedilijan@gmail.com,40.7559302,44.8884295
way/1026050774,River Side,,,гостевой дом,Дилижан,Աբովյան փողոց 30/2,,,,,,,40.7445528,44.8240423
way/1459696358,Riviera,,,гостевой дом,Дилижан,Կամոյի փողոց 9/2,,,,,,,40.7260545,44.8667867
way/293458956,Roses,,,гостевой дом,Дилижан,26 Կոմիսարների փողոց 30,+374 91 278789,,guest_house_in_dilijan,https://www.facebook.com/profile.php?id=100063554172069,,,40.7452181,44.8720558
node/3559932601,Ruzan b&b,,,гостевой дом,Ехегнадзор,,+374 94 692363,,,,,,39.770625,45.3277368
node/13074857554,SD House,,,гостевой дом,Дилижан,,+374 99 718719,,,https://www.facebook.com/profile.php?id=61553947749371,,,40.7510939,44.8847932
way/1452473360,Saralanj Family House,,,гостевой дом,Дилижан,Սարալանջի 6-րդ նրբանցք 25,,,saralanj_familyhouse,https://www.facebook.com/profile.php?id=61571418729071,,,40.7454475,44.8407596
way/1536782485,Shamakhyan 10/3,,,гостевой дом,Дилижан,Շամախյան փողոց 10/3,+374 55 888815,,,https://www.facebook.com/profile.php?id=100057044546613,,sagabalyan.g@yandex.ru,40.7483893,44.8458372
way/520510157,Shamoni,,,гостевой дом,Дилижан,Խորհուրդների փողոց 37/3,+37477795201,,shamonidilijan,shamonidilijan,,,40.7341928,44.870051
node/4817863219,Shushan B&B,,,гостевой дом,Ехегнадзор,Andranik Street 8,+374 77072341,,,https://www.facebook.com/shushanbnb/,,,39.7569434,45.3342507
way/1551667949,Smart Resort,,,гостевой дом,Дилижан,Արցախի փողոց 5,+374 94 424772,https://smartresort.am,smart_resort,https://www.facebook.com/profile.php?id=100063689316874,,smartmt.llc@gmail.com,40.7469823,44.8536296
way/293449405,Sunny Lodge Dilijan,,,гостевой дом,Дилижан,Շահումյանի 1-րդ նրբանցք 2/1,+374 99 486065,,lodge.sunny,https://www.facebook.com/profile.php?id=100095649337234,,sunnylodgedilijan@gmail.com,40.7527213,44.8890124
way/630949208,Sunny Sweet Home,,,гостевой дом,Дилижан,Հակոբջանյան փողոց 5Ա,,,,,,,40.7453136,44.8742185
way/1450770825,Swiss House,,,гостевой дом,Дилижан,Տիգրան Պետրոսյանի 3-րդ նրբանցք 1,+374 55 833311,https://airbnb.com/rooms/1135569329484058355,_swisshousedilijan_,https://www.facebook.com/p/Swiss-House-Dilijan-61558604737903/,,,40.7461095,44.8467961
way/630709716,TATE B&B,,,гостевой дом,Дилижан,26 Կոմիսարների փողոց 41,,,,,,,40.74426,44.8719299
way/293459241,Takht-House,,,гостевой дом,Дилижан,Օրջոնիկիդզեի 3-րդ նրբանցք 14,+374 91 416620,https://www.takhthouse.com/,,takhthouse,,info@takhthouse.com,40.7454624,44.8824993
way/1450770823,Tanik Dilijan,,,гостевой дом,Дилижан,Տիգրան Պետրոսյան փողոց 2/2,+374 93 703553,,tanik.dilijan,https://www.facebook.com/profile.php?id=61567131394990,,tanikguesthouse@gmail.com,40.7457991,44.8468921
way/293449532,Tati Toon,,,гостевой дом,Дилижан,Առաջին փողոց 14,,,,,,,40.7495297,44.8885291
way/1470361065,Thalia Garden,,,гостевой дом,Дилижан,Թումանյան փողոց 18Թ,+374 77 055830,,thalia__garden_dilijan,https://www.facebook.com/profile.php?id=61577157443823,,,40.7536774,44.8379471
way/293449219,The Nest,,,гостевой дом,Дилижан,Վախթանգ Անանյան փողոց 37,,https://www.airbnb.ie/rooms/1515284648186377273,,https://www.facebook.com/profile.php?id=61554758395373#,,,40.7572774,44.837698
node/12895401302,Tiroent's,,,гостевой дом,Гюмри,Ղորղանյան փողոց 190/1,094712024,,,,,,40.7897295,43.8399106
way/1467127158,Tkhil,,,гостевой дом,Дилижан,Միխայիլ Կալինինի փողոց 96/1,+374 33 099920,https://airbnb.com/rooms/1379945964115851758,tkhil_boutique_hotel,,,,40.7403235,44.8539121
way/293459189,Toon 94,,,гостевой дом,Дилижан,Օրջոնիկիդզեի փողոց 94,,,,,,,40.7445337,44.8834969
way/1469318017,UNO-Dili,,,гостевой дом,Дилижан,Արցախի 2-րդ նրբանցք 15,+374 77 110853,,,,,,40.7450168,44.8549551
node/9859762076,USSR Guesthouseuss,,,гостевой дом,Севан,Syunyats Street 6,+374 98 697759,,,,,,40.5489061,44.9589407
node/9159003004,Under The Walnut Tree,,,гостевой дом,Ехегнадзор,,,,,,,,39.7698692,45.3328997
way/1450770805,V Peaks,,,гостевой дом,Дилижан,Տիգրան Պետրոսյանի 3-րդ նրբանցք 8-10,+374 33 805533,https://vpeaks.ru,vpeaksdilijan,,,,40.7447868,44.8475859
way/293458294,V&A,,,гостевой дом,Дилижан,Անդրանիկի 3-րդ նրբանցք 31,,,,,,,40.7437211,44.8554776
node/10915981245,Van Garden,,,гостевой дом,Ванадзор,,,,,,,,40.7971339,44.4879412
way/1536782491,Vardazarians,,,гостевой дом,Дилижан,26 Կոմիսարների փողոց 24,+374 55 666009,,guesthouse_v_dilijan,https://www.facebook.com/profile.php?id=100052680956629,,davidvardazarian@gmail.com,40.7448151,44.87299
way/520524597,Verev,,,гостевой дом,Дилижан,Անդրանիկի 1-ին նրբանցք 34,+374 77 300892,,,,,,40.7430204,44.8593316
way/293460614,Verin tun,,,гостевой дом,Дилижан,Հովսեփյան փողոց 24/1,,,,,,,40.751184,44.893301
way/1450770846,Villa Bianca,,,гостевой дом,Дилижан,Տիգրան Պետրոսյանի 1-ին նրբանցք 31,+374 55 888798,,villabianca_dilijan,myhobby.am,,myhobby.am@gmail.com,40.7434854,44.8442395
way/293449835,Violet,,,гостевой дом,Дилижан,Միխայիլ Կալինինի փողոց 106/1,,,,,,,40.7402834,44.8531985
node/3559347398,Yegegnadzor b&b network,,,гостевой дом,Ехегнадзор,,+374 77 024837,,,,,,39.7726673,45.3277114
way/1312052547,Անար,Anar,,гостевой дом,Ванадзор,,+374 93 761177,,,,,,40.8098722,44.4822516
way/293461556,Արամի,Arami House,Арами,гостевой дом,Дилижан,Կամոյի փողոց 34/1,+374 55 100133,,,,,tikodilij@mail.ru,40.723614,44.8583026
way/293449033,Արծիվ,Artsiv,Арцив,гостевой дом,Дилижан,Ուսանողական փողոց 19,+374 55 035940,https://artsivguesthouse.am,artsiv_guesthouse,artsivguesthousedilijan,,erikelina2004@gmail.com,40.752419,44.8841502
way/1537679140,Դարավանդ,Daravand,Дараванд,гостевой дом,Дилижан,Աբովյան փողոց 46,+374 91 420965,,daravandarmenia,daravandarmenia,,daravandguesthouse@gmail.com,40.7456678,44.8230438
way/293447247,Կիրովի տուն,Kirovi tun,дом Кирова,гостевой дом,Дилижан,Կալինինի 4-րդ նրբանցք 14/3,+374 98 444409,,,kirovi.tun,,kirovitun@gmail.com,40.7420637,44.8382029
node/3559347395,Հին Կամուրջ հյուրատուն,Old Bridge,Старый Мост,гостевой дом,Ехегнадзор,Լևոնյան 16,"+374 93 80 02 40,+374 93 80 02 40",https://www.oldbridgewinery.com/,,,,info@oldbridgewinery.com,39.769992,45.3323817
way/293459051,Մացակ և Մեսրոպ,Matsak & Mesrop,Мацак и Месроп,гостевой дом,Дилижан,Կամարինի փողոց 11,+374 94 698949,,guest.house.dilijan,https://www.facebook.com/profile.php?id=61565812388763,,mmguesthousedilijan@gmail.com,40.7426684,44.8740279
node/12259245065,Նուռ,Nur,,гостевой дом,Гюмри,,+374 77 282885,,,https://www.facebook.com/NURGuestHouse22/,,,40.7846457,43.8385099
way/458850708,Նռան հատիկ,Nran hatik,Нран хатик,гостевой дом,Дилижан,Մյասնիկյան փողոց 12/3,+374 93 697858,,nranhatik_hotel_,,,,40.7343004,44.8669921
way/1529689218,Ռեստ Լենդ հյուրատուն,Rest Land Dilijan,Рест Ленд Дилиджан,гостевой дом,Дилижан,Սայաթ-Նովայի փողոց 69Բ,+374 43 104646,,restland_dilijan_family_hotel,rldilijanhotel,,dilijanreservation@gmail.com,40.7540291,44.8800406
way/293461564,Սենո,Seno,Сено,гостевой дом,Дилижан,Մյասնիկյան փողոց 33/1,+374 93 758595,,,,,,40.7385948,44.8655032
way/1537800642,Սոճի,Sochi / Pine,Сочи / Сосна,гостевой дом,Дилижан,Կամոյի փողոց 18/2,+374 93 697858,https://sochiguesthouse.com,,Sochiguesthouse,,,40.7251164,44.8625441
node/4239700100,Վիլլա Ղարս,Villa Kars,Вилла Карс,гостевой дом,Гюмри,,,,,,,,40.7890793,43.8412211
way/1469328975,հանգիստ անկյուն,Quiet Corner,Тихий уголок,гостевой дом,Дилижан,Զորավար Անդրանիկի փողոց 39/1,+374 77 999808,,,hangist.ankyun.hyuratun.dilijan,,,40.7430468,44.8585059
node/5217855897,"""Anusharan""",,,кафе,Гюмри,,,,,,,,40.7928125,43.8479023
node/6414460530,"""Cascade""","""Cascade""",,кафе,Гюмри,,,,,,,,40.7966983,43.8502686
node/5305385288,"""Kalinka"" Cafe",,,кафе,Гюмри,Ռիժկովի փողոց 4,,,,,,,40.7867446,43.8435799
node/10742950475,AM,,,кафе,Ванадзор,,,,,,,,40.8103086,44.4874107
node/9879631007,Arm Food Lab,,,кафе,Дилижан,,+374 91 073733,,armfoodlab,,,,40.7499941,44.8876043
way/550216460,Bohem Studio-Teahouse,,,кафе,Севан,Սայաթ Նովա փողոց 16/13,+37455662119,,,@bohemsevan,,,40.5433417,44.95787
node/14197159001,Bolors Together Cafe,,,кафе,Дилижан,Միխայիլ Կալինինի փողոց 106,,,,,,,40.7398308,44.8531546
way/1224559505,Bon Appetit,,,кафе,Ванадзор,Վարդանանց փողոց,,,,,,,40.806977,44.4925199
node/11101186666,Brew Lab 2.0,,,кафе,Дилижан,,+374 77 073803,https://caffeine.am,caffeinecoffeeroasters,,,,40.7500102,44.8875784
way/447632351,Cafe #2,,,кафе,Дилижан,Մաքսիմ Գորկու փողոց 17/1,+374 60 700805,,cafe_numbertwo,Cafenumber2,,Info@cafe2.am,40.7394662,44.8648774
way/293458012,Cafe Coco Natali,,,кафе,Дилижан,Մյասնիկյան փողոց 36,+374 99 512550,https://cafecoconatali.bonee.net/,cafecoconatali,cafecoconatali,,cocodilijan@gmail.com,40.7390721,44.86905
node/12174742622,Café Mood,,,кафе,Ехегнадзор,,+37441780790,,,,,,39.7623178,45.3319251
way/684607193,Cascade,,,кафе,Гюмри,,,,,,,,40.7966389,43.8502788
node/13865581811,Cemi,,,кафе,Дилижан,,,,cemi_by_apicius,,,,40.7403737,44.8639628
node/14138177665,Chef Favorite,,,кафе,Ванадзор,,,,,,,,40.8058357,44.4973661
node/14015505784,Coffee House,,,кафе,Гюмри,,,,,,,,40.7862946,43.8411898
node/11783459407,Coffee house,,,кафе,Гюмри,,,,,,,,40.787797,43.8448196
way/1417479649,Coffee house,,,кафе,Гюмри,,,,,,,,40.7857339,43.8429007
node/11932521407,Coffee love,,,кафе,Дилижан,,,,,,,,40.7383325,44.8594638
node/13894484010,Conservatory,Conservatory,,кафе,Дилижан,Շարամբերյան փողոց 10,,,conservatory.dilijan,,,,40.7396114,44.8689843
node/14024393397,Cosmos,,,кафе,Гюмри,,,,,,,,40.7846444,43.8390265
node/13063168167,Cupid,,,кафе,Севан,,,,,,,,40.5492068,44.9569306
way/992323700,Dili Meat Bistro,,,кафе,Дилижан,Մյասնիկյան փողոց 117/4,,,,,,,40.7482982,44.8792297
way/451337267,Dilijan Pizza,,,кафе,Дилижан,Մյասնիկյան փողոց 38/1,+374 44 119119,https://www.dilijanpizza.com/,dilijanpizza,dilipizza,,citypizza.armenia@gmail.com,40.73914,44.8691386
node/12163267433,Forest Paradise,,,кафе,Севан,,,,,,,,40.539691,44.988271
way/1263295069,Green Cafe,,,кафе,Ванадзор,,,,,,,,40.8102248,44.4868535
node/13782263986,Joycafe,,,кафе,Ванадзор,,,,,,,,40.8085046,44.4920956
way/521734302,Kambuz,,,кафе,Севан,,,,,,,,40.5633968,45.0078132
node/6414553338,Kinder,,,кафе,Гюмри,Տերյան փողոց,,,,,,,40.7801196,43.8548107
way/412645568,LE CAFE,,,кафе,Гюмри,Գարեգին Նժդեհի պողոտա 1/5,,,,,,,40.8029805,43.8480262
node/9962211114,LOFT Vanadzor,,,кафе,Ванадзор,Տիգրան Մեծի պողոտա 24,,https://www.facebook.com/LoftVanadzor/,,,,,40.8102735,44.4875118
node/6425137820,Little Sweets,,,кафе,Гюмри,,,,,,,,40.7839709,43.8447784
node/5217718924,Loft,,,кафе,Гюмри,,,,,,,,40.7870149,43.8467512
node/14100641711,Lumo,,,кафе,Ванадзор,,,,,,,,40.8070571,44.4935426
node/13968948301,Luna,,,кафе,Гюмри,,,,,,,,40.7883499,43.8428126
node/10737676385,Madera,,,кафе,Ванадзор,,+374 98 822234,,,,,,40.8102931,44.4954013
node/14084214213,Mame Bakery,,,кафе,Дилижан,,+374 33 058888,,bakerymame,https://www.facebook.com/profile.php?id=61590786352563,,,40.7439678,44.8814529
node/13819600320,Margaryan,,,кафе,Дилижан,,,,,,,,40.7400748,44.8649775
node/10757297468,Molly Nera,Molly Nera,,кафе,Ванадзор,,,,,,,,40.8085772,44.4879272
node/12787927879,Mon Paris,,,кафе,Ванадзор,,,,,,,,40.8076036,44.4906764
node/11159155100,Pan Rik,,,кафе,Ванадзор,,,,,,,,40.8029047,44.5173814
way/1475380748,Picasso,,,кафе,Дилижан,Միխայիլ Կալինինի փողոց 220/1,+374 91 999780,,picasso.cafe_dilijan,https://www.facebook.com/profile.php?id=61573601336611,,,40.7410695,44.8408292
way/1375269122,Piccola,,,кафе,Дилижан,Մյասնիկյան փողոց 32/3,+374 44 621112,,piccola_dilijan,,,,40.738932,44.8682597
node/6424978387,Pizza jazz,,,кафе,Гюмри,,,,,,,,40.7868698,43.8444078
node/11869064519,Poodle Coffee,,,кафе,Ванадзор,,,,https://www.instagram.com/poodle__coffee/,,,,40.8060819,44.4907823
way/1490324570,Rolls,,,кафе,Дилижан,Մյասնիկյան փողոց 32/2,+374 99 800880,,rolls__rolls,https://www.facebook.com/profile.php?id=61574969116639,,rollsevn@gmail.com,40.7386776,44.8682735
node/10759030083,Roof,Roof,,кафе,Ванадзор,,,,,,,,40.8046965,44.4909201
node/14015667813,Route 66,,,кафе,Гюмри,,,,route66gyumri,,,,40.7863921,43.8412289
node/10771633614,Shamam's Macarons,,,кафе,Ванадзор,Մյասնիկյան փողոց,+37493788083,,shamams_macarons,shamamsmacaroons,,shamamkhachatryan34@gmail.com,40.8059852,44.4907263
node/13671878601,Skutegh,,,кафе,Ванадзор,,,,,,,,40.8110197,44.4945431
node/12966542859,Tar-tu,,Тар-ту,кафе,Гюмри,,,,,,,,40.7873868,43.8472627
node/14007025557,Tar-tu,Tar-tu,Тар-ту,кафе,Гюмри,,,,,,,,40.7869618,43.8482587
way/1167592427,The Boo Park Cafe,The Boo Park Cafe,,кафе,Ванадзор,90/2,+37433808069,,,theboocafe,,,40.8008398,44.4826413
way/520524591,The Spot & Dili Deli BBQ,,,кафе,Дилижан,Գետափնյա փողոց 10/1,+374 93 623275,https://t.me/the_spot_dilijan,the.spot.dilijan,,,,40.7385139,44.8537276
node/4144044591,Van,,,кафе,Севан,,,,,,,,40.5350952,44.9453237
node/5217823026,Yaghli House,,,кафе,Гюмри,Ռիժկովի փողոց 6/5,,,,,,,40.7866677,43.8441362
node/11197721653,moosh bistro,,,кафе,Гюмри,,,,,,,,40.8136033,43.8144644
node/10255735552,nerqe,,,кафе,Дилижан,,,,,,,,40.7377377,44.8566329
node/10068490017,parus lunch,,,кафе,Севан,,,,,,,,40.5484701,44.9594623
node/6425097660,Արեգակ,Aregak,Арегак,кафе,Гюмри,Աբովյան փողոց,+374 98 441088,,,https://www.facebook.com/AregakBakery/,,,40.7861588,43.8409795
way/1517431606,Բոլորս,Bolors,Болорс,кафе,Дилижан,Միխայիլ Կալինինի փողոց 114,+374 94 989622,,bolorscafe,,bolorscafe,,40.7399052,44.8526956
way/684202593,Գյումրի պանդոկ,Gyumri pandok,Гюмри Пандок,кафе,Гюмри,Ղանդիլյանի փողոց 59,,,,,,,40.7915495,43.8603134
node/5549712421,Երիտասարդական,Eritasardakan,Еритасардакан,кафе,Ехегнадзор,,,,,,,,39.7608808,45.3325596
node/11466090543,Լ'Ավենյու,L'Avenue,,кафе,Ванадзор,,,,,,,,40.8110029,44.4863292
node/9891116217,Հացատուն Մակու,,кафе Հացատուն Մակու,кафе,Севан,,,,,,,,40.5469703,44.9587436
node/11494834215,Հացենի,,,кафе,Ванадзор,,,,,,,,40.8139361,44.4860639
way/630706850,Ճամփորդի Տնակ,Travelers hut,Дом путешественника,кафе,Дилижан,Մաքսիմ Գորկու փողոց 46,+374 33 456321,https://domdilijan.tilda.ws,travelers_hut_dili,travelers.hut.dili,,champorditnak@gmail.com,40.7389076,44.8649794
way/1475380740,Մշո Տուն,Msho Tun,Мшо Тун,кафе,Дилижан,Միխայիլ Կալինինի փողոց 234/1,+374 77 445063,,,,,,40.7411382,44.8395713
node/6911956529,Չիչխան,Chichkhan,Чичхан,кафе,Гюмри,Գայի փողոց 2,+374 33 668998,,chichkhan_gyumri,share/1BkCJ1xW5n,,,40.7863991,43.8386927
way/430489578,Պիանո,Piano,Пиано,кафе,Гюмри,Абовян ул.,+374 93 90 16 66,,,,,,40.7834001,43.8406039
node/5217816751,Պոնչիկ Մոնչիկ,Ponchik Monchik,,кафе,Гюмри,Վարդանանց հրապարակ,,,,,,,40.78495,43.8408759
node/6412065605,Պոնչիկ-Մոնչիկ,Ponchik-Monchik,,кафе,Гюмри,Բագրատունյաց հրապարակ,,,,,,,40.7877645,43.8453146
way/386841284,Ջազզ Կաֆե,Jazz Cafe,,кафе,Ванадзор,,,,,,,,40.8095225,44.4896495
node/5139143022,Ռոբս հոմ,Rob's home,Робс хом,кафе,Гюмри,,+37477198917,,,,,,40.7938858,43.8468281
node/11840698310,Վան-Բուլանժե,Van Boulangerie,Ван-Буланже,кафе,Ванадзор,,,,,,,,40.8118653,44.4867606
node/14100641710,Տուտտո Պիցա,Tutto Pizza,,кафе,Ванадзор,,,https://tuttopizzavanadzor.netlify.app/,,,,,40.8040973,44.4964203
way/684613688,2-րդ բուժմիավորում,Polyclinic №2,Поликлиника №2 имени Н. А. Меликяна,клиника,Гюмри,,,,,,,,40.7946592,43.8495126
node/13595520757,ARDA,ARDA,АРДА,клиника,Гюмри,,,,,,,,40.8180273,43.8325228
node/3721912742,Avanta,,,клиника,Ванадзор,,,https://avanta.am/,,,,,40.8087425,44.4922832
node/11201765854,Diagen+,,Диаген+,клиника,Гюмри,,,https://diagen.am/,,,,,40.8013754,43.8479953
node/10742950474,Lorimed,,,клиника,Ванадзор,,,,,,,,40.809106,44.49462
way/1537816953,Modern Mayr Dilijan,,,клиника,Дилижан,,,,,,,,40.7387659,44.8293467
way/1237570193,N1 պոլիկնինիկա,Polyclinic №1,Поликлиника №1,клиника,Ванадзор,,,,,,,,40.8078109,44.491966
node/13049662315,Normed,,,клиника,Гюмри,,,https://normed.am/,,,,,40.7911681,43.8489535
node/10961328980,Normed,,,клиника,Ванадзор,,,https://normed.am/,,,,,40.8086775,44.4865714
node/5300436585,Գյումրի բժշկական կենտրոն,Gyumri Medical Center,Гюмрийский Медицинский Центр,клиника,Гюмри,,"+374 312 3 03 11, +374 312 5 51 59",,,,,,40.8043272,43.8509468
way/401185943,Գուգարք պոլիկնինիկա,Gugark Polyclinic,Поликлиника Гугарк,клиника,Ванадзор,Բաթումի փողոց 13,,,,,,,40.8104089,44.479208
way/420513833,Էնրիկո Մատտեի անվան պոլիկլինիկա,Enrico Mattei Polyclinic,Поликлиника имени Энрико Маттея,клиника,Гюмри,Շիրակացու փողոց 13,+374 312 3 31 78,,,,,,40.808231,43.8323341
node/11024153705,Կարիտաս պոլիկլինիկա,Caritas Polyclinic,,клиника,Гюмри,M.Mkrtchyan 41,+37431239008,https://www.caritas.am/,,,,,40.799037,43.8415252
way/393391468,"Հովարդ Կարագյոզյան Բժշկական Բարեգործական Հասարակական Կազմակերպություն, Վանաձորի կլինիկան","Howard Karagheusian Medical Benevolent Public Organization, Vanadzor Clinic",,клиника,Ванадзор,Մխիթար Հերացու փողոց 55,+374 32 225771,https://hkmbpo.org/vanadzor/,,,,,40.8027116,44.4918242
node/11068678763,Վարդանանց նորարարական բժշկության կենտրոն,Vardanants Center for Innovative Medicine,Центр инновационной медицины Вардананц,клиника,Ванадзор,,+374 11 592100,https://vardanants.am/,,,,,40.8098603,44.4936845
node/9066752737,Ցիտո Բժշկական կենտրոն,Cito Medical Centre,,клиника,Гюмри,Գարեգին Նժդեհի պողոտա 6/56,,,,,,,40.8019865,43.8472794
way/429705260,թիվ 3 պոլիկլինիկա,Polyclinic №3,Поликлиника №3,клиника,Ванадзор,Պարույր Սևակի փողոց 49,,,,,,,40.8049277,44.5208325
way/293457885,Աբգար,Abgar,Абгар,мотель,Дилижан,Կամոյի փողոց 10/1,+374 77 541155,,,https://www.facebook.com/profile.php?id=100054407353560,,abgarhotel@gmail.com,40.7246561,44.8642505
node/1422752972,"""Araks"" Hotel",,,отель,Гюмри,,"+374 312 5 11 99, +374 312 5 44 35",https://arakshotel.am/,,,,info@arakshotel.am,40.7877511,43.8404729
node/5217887268,"""Golden Apricot"" Hotel",,"Гостиница ""Золотой Абрикос""",отель,Гюмри,Գորկու փողոց 84/7,+374 312 6 37 77,,,,,,40.7864352,43.8545868
node/4144054089,"""Van"" Hotel",,,отель,Севан,,091346116,,,,,,40.5350981,44.9454944
node/12896794101,21 Rooms,,,отель,Гюмри,,,,,,,,40.787313,43.8429513
node/5026926588,Ambassador,,,отель,Севан,,,,,,,,40.5438536,44.970992
node/13475243836,Arevatun,,,отель,Дилижан,Անդրանիկի 2-րդ նրբանցք 2/1,+374 55 161655,https://airbnb.com/rooms/54359976,arevatun_dilijan,arevatunhotel,,arevatun5@gmail.com,40.7423242,44.8529836
way/1537783057,Ariana Family,,,отель,Дилижан,Կամոյի փողոց 33,+374 91 519890,,arianadilijan,DilijanFamilyRest,,ariana.familyhotel@gmail.com,40.7240725,44.8640297
way/1550103090,Armenita,,,отель,Дилижан,Մաքսիմ Գորկու փողոց 29/41,+374 94 821010,,armenita_family_resort,https://www.facebook.com/profile.php?id=61576559064414,,,40.744904,44.860573
node/10020947177,AuRoom,,,отель,Ванадзор,,+37443044011,,,,,,40.8112991,44.4993557
way/293458314,Aurelia,,,отель,Дилижан,Զորավար Անդրանիկի փողոց 1,+374 43 522223,https://aureliahotel.am,aurelia_hotel_dilijan,aureliahotelandrestaurant,Aurelia_hotel_dilijan,info.aurelia1@gmail.com,40.7431756,44.8532965
node/13774204201,Aurora,,,отель,Дилижан,,,,,,,,40.7420125,44.855487
node/3734669853,Best Western Bohemian Resort,,,отель,Севан,Երևանյան փողոց 120,+374 60 497777,https://bohemianresort.am/,,BohemianResort,,info@bohemianresort.am,40.5631185,44.9953068
way/1450139725,Bond House Dilijan,,,отель,Дилижан,Կալինինի 4-րդ նրբանցք 21,+374 77 367007,,bondhouse_dilijan,https://www.facebook.com/p/Bond-House-Dilijan-61577048086567/,,bondhouse07007@gmail.com,40.7437333,44.8356252
way/293460549,Casanova Inn,,,отель,Дилижан,Հովսեփյան փողոց 63,+374 33 131300,,casanovainn,Casanovainnboutiquehotel,,casanovagh@yandex.ru,40.7525933,44.8967839
way/1532969270,Chalet Dilijan,,,отель,Дилижан,Սայաթ-Նովայի փողոց 63,+374 60 718080,,chalet.dilijan,Chaletdilijan,,Chaletdilijan@gmail.com,40.7496545,44.8757012
way/1450739182,Cottage Chalet And Tours,,,отель,Дилижан,Սարալանջ 4-ին նրբանցք 1,+374 77 590404,,hotel_chalet_and_tours,HotelChaletandTours,,grigashot@yandex.ru,40.7462616,44.8370984
way/1537679144,Cron Hotels Armenia,,,отель,Дилижан,Աբովյան փողոց 5,+374 33 235050,,,https://www.facebook.com/p/Cron-Hotels-Armenia-100090489669873/,,,40.7455296,44.8219617
way/1450770822,Dili Dream Villa,,,отель,Дилижан,Տիգրան Պետրոսյանի 1-ին նրբանցք 2,+37496520560,https://dilidream.com,dilidream,dilidream,,info@dilidream.com,40.7435637,44.8490776
relation/19139383,Dili Town Resort and Spa,Dili Town Resort and Spa,,отель,Дилижан,Զորավար Անդրանիկի փողոց 3-րդ նրբանցք 11,+374 60 85 55 58,https://dilitown.am,,,,,40.7436813,44.8543963
way/1529689219,Diligence,,,отель,Дилижан,Սայաթ-Նովայի փողոց 69,+374 94 407761,,,diligencehotel,,dilijanshotel@mail.ru,40.7527848,44.8787271
way/1536782486,Dilijan Bellevue,,,отель,Дилижан,Սարալանջի 3-ին նրբանցք 9,+374 43 224393,,https://www.instagram.com/dilijan_bellevue,https://www.facebook.com/people/Family-Resort-Bellevue,,,40.7471439,44.8380039
way/1536782489,Dilijan Inn,,,отель,Дилижан,Օրջոնիկիդզեի փողոց 104/1,+374 44 443337,https://dilijaninn.am,dilijaninn_hotel,,,info@dilijaninn.am,40.7466792,44.8872712
way/293458011,Dilijan Old Center,,,отель,Дилижан,Մյասնիկյան փողոց 48,+374 94 247706,,,https://www.facebook.com/profile.php?id=100072058719530#,,khachatur.qocharyan@gmail.com,40.7392893,44.8694434
way/1422553589,Dilijani Tun,,,отель,Дилижан,Օրջոնիկիձեի 4-րդ նրբանցք 36,+374 33 058888,https://dilijanitun.am,dilijanitun,dilijanitunhotel,dilijani_tun,info@dilijanitun.am,40.7435275,44.8810578
way/293458887,Dom Adoni's,,,отель,Дилижан,26 Կոմիսարների փողոց 37,,,,,,,40.7438853,44.8713467
way/293458331,Escapes,,,отель,Дилижан,Զորավար Անդրանիկի փողոց 4,+374 41 993333,https://escapes.am,escapes_dilijan,,,escapesdilijan@gmail.com,40.7428812,44.8536989
node/2407256926,Garun,,,отель,Гюмри,,,,,,,,40.8160843,43.8273074
way/521734331,Harsnaqar hotel,Harsnaqar hotel,,отель,Севан,,,,,,,,40.5550985,44.9876692
node/4817862855,Hotel Gladzor,,,отель,Ехегнадзор,,"+374 281 2 51 65,+374 281 2 40 83",,,,,,39.7609012,45.3311932
way/1551667947,Hover,Hover,Овер,отель,Дилижан,Անդրանիկի 3-րդ նրբանցք 1,+374 44 920091,https://hover.am,hover_hotel,hoverboutiquehotel,,sales@hover.am,40.7438993,44.852858
node/14100314101,JINJOTEL,,,отель,Гюмри,,,,,,,,40.7884679,43.8439675
way/1531503921,Kambuz,,,отель,Севан,,+374 77 108064,,kambuzsevan,hotelkambuz,,reserve@sld-inc.com,40.5633806,45.0078826
way/293457809,Koriz Garden,,,отель,Дилижан,Կամոյի փողոց 73,+374 99 032388,,koriz_hotel_dilijan,korizgardenhotel,,korizyan@gmail.com,40.7226813,44.857614
way/1472468721,Laguna,,,отель,Ванадзор,,+374 93 877222,https://laguna.am/,,,,,40.7923986,44.5123063
way/1544737956,Lake Side,,,отель,Дилижан,Մաքսիմ Գորկու փողոց 13,+374 55 136136,,lakeside.dilijan,lakeside.dilijan,,,40.7379986,44.8634577
node/13766083901,Luxury Collection Hotel,,,отель,Севан,Սայաթ Նովա փողոց 18,,,,,,,40.5437908,44.9572656
way/1091889955,Mermaid,,,отель,Севан,,,,,,,,40.5595785,44.9923096
way/1449633780,Motives Inn,,,отель,Дилижан,Մոլդովական փողոց 7/2,+374 44 886868,https://motivesinn.am,motivesinn.dilijan,motivesinndilijan,,Motivesinn@gmail.com,40.7440972,44.8293694
way/740637305,Nairi,,,отель,Ванадзор,,,,,,,,40.7931253,44.5071947
node/4140146173,Nane Hotel,,"Гостиница ""Нанэ""",отель,Гюмри,Գարեգին Նժդեհի պողոտա 1/5,"+374 312 5 51 51, +374 312 3 33 69",https://gcc.am/,,,,,40.8028737,43.8484838
way/293460817,Nirvana,,,отель,Дилижан,,,,,,,,40.7559491,44.8817362
way/1193622735,Palermo,,,отель,Ванадзор,,,,,,,,40.8224869,44.4590836
node/6423761667,Plaza Viktoria,,,отель,Гюмри,,,,,,,,40.7857976,43.8406625
way/293458785,Popock,,,отель,Дилижан,Կալինինի 1-ին նրբանցք 12/1,+374 93 486882,,popock_dilijan,popockdilijan1,,art_guesthouse@yahoo.com,40.7408302,44.8574972
way/496273899,Radisson Hotel & Spa,Radisson Hotel & Spa,,отель,Гюмри,Շահումյան փողոց 105,+374 44 700 200,https://www.radissonhotels.com/en-us/hotels/radisson-gyumri,,,,info.gyumri@radisson.com,40.7867371,43.8428679
node/10739508457,Royal Palace,,,отель,Ванадзор,,,,,,,,40.8075809,44.485664
way/1536383345,Royal Rest,,,отель,Дилижан,Շարամբերյան փողոց 42/2,+374 93 010355,,royalrestdilijan,Royalrestdilijan1,,,40.7402962,44.8687168
node/13040965614,Sayat-Nova,,Саят-Нова,отель,Ванадзор,Սայաթ-Նովա փողոց 14,,,,,,,40.7965925,44.5001617
way/1551625591,Sayat-Nova,,,отель,Дилижан,Սայաթ-Նովայի փողոց 131,+374 95 131173,,,SayatNovaDilijan,,manavaanna76@gmail.com,40.7564804,44.8933739
way/1531503925,Sevan 3,,,отель,Севан,,055859575,,,,,,40.5640942,45.0009493
way/1422902826,Taniqinn Cottages,,,отель,Дилижан,Ուսանողական փողոց 47,+374 44 777335,https://taniqinncottages.taniqinn.am,,taniqinndilijancottages,,taniqinn@gmail.com,40.7528965,44.8842858
way/1453352254,Tom's Houses,,,отель,Дилижан,Կամարինի փողոց 29/1,+374 94 787984,https://www.airbnb.com/rooms/1204151078267396549,tomshouses,https://www.facebook.com/profile.php?id=100085287764710,,,40.7417028,44.8758502
node/13300645622,Verinn Apart Hotel,,,отель,Дилижан,,+374 98 244 422,,verinn.apart.hotel,,verinn_apart,,40.7407237,44.8394938
node/13609204978,White Hotel,,,отель,Гюмри,,+374 77 16 15 91,https://www.facebook.com/people/WHITE-HOTEL/100095178164643/,,,,,40.7979623,43.8551385
node/6416581642,olympic,,,отель,Гюмри,,,,,,,,40.7996444,43.8446224
node/11497084269,Гостиница LOUVRE hotel,,,отель,Севан,Սայաթ Նովա փողոց 20,+37491980222,https://www.instagram.com/louvrehomesevan?igsh=cHRkbjE2aDc5cnpl&utm_source=qr,,,,,40.5437346,44.957081
node/2384776464,Гостиница Воскеблюр,,,отель,Гюмри,,077646494??0312 58124,,,,,Voskeblur@mail.ru,40.7844679,43.8289691
way/366796797,Ալեքսանդրապոլ Հյուրանոց,Hotel Alexandrapol,Гостница Александрополь,отель,Гюмри,,,,,,,,40.7820764,43.8414942
way/521734306,Աշոտ Երկաթ,Ashot Erkat,Ашот Еркат,отель,Севан,,+374 33 500043,,ashoterkatrestaurant,ashoterkat.am,,ashoterkat@inbox.ru,40.5640011,45.0092536
way/217724411,Արգիշտի հյուրանոց,Argishti,,отель,Ванадзор,,+37432242556,,,,,,40.8145464,44.4813783
node/4257825489,Բեղլու,Bexlu,Bexlu,отель,Севан,M-4 Սեվան Լճափ 1,+37493900036,,,,,,40.5537621,44.9874967
node/4918020522,Բեռլին Արտ Հոտել,"""Berlin Art"" Hotel","""Berlin Art"" Hotel",отель,Гюмри,Հաղթանակի պողոտա 25,"+374 312 5 76 59,",https://www.berlinarthotel.am/,,,,info@berlinhotel-gyumri.am,40.7834904,43.8458314
way/414093528,Գյումրի հյուրանոց,"""Gyumri"" Hotel","Гостиница ""Гюмри""",отель,Гюмри,Գարեգին Նժդեհի պողոտա 5/10,"+374 312 3 94 44, +374 93 41 67 00",,,,,,40.801058,43.8478846
way/190112247,Գուգարք,Gugarq,Гугарк,отель,Ванадзор,Տիգրան Մեծի պողոտա 20/1Ա,"+374 322 4 15 19,+374 93 38 78 65",,,,,,40.8111093,44.4841521
node/14016965389,Գրանդ հոթել Գյումրի,Grand Hotel Gyumri,,отель,Гюмри,,,,,,,,40.7869221,43.8410319
way/666254678,Գրին հաուս,Green house,,отель,Ванадзор,Բանակի փողոց 8D,,,,,,,40.8035649,44.4859623
way/1532969268,ԳրինՎուդ,GreenWood,,отель,Дилижан,Սայաթ-Նովայի փողոց 50,+374 93 416811,,,GreenWoodDilijanHotel,,dghyak.dilijan@gmail.com,40.7512623,44.8780798
way/1531233379,Գրողների հանգստյան տուն,Writres Rest House,Дом отдыха писателей,отель,Севан,Ձկնորսների փողոց 7,+374 93 306904,,sevanwritershouse,sevanwritershouse,,,40.5627635,45.0123985
way/1420340711,Էկոկայան Դիլիջան Ռեզորտ Հոթել,Ecokayan,Экокаян,отель,Дилижан,Հովք փողոց 50,,https://ecokayan.com,,,,info@ecokayan.com,40.7564962,44.8514185
node/6132043586,Թոմուս,Tomu’s Hotel,Томус,отель,Гюмри,Գորկու փողոց 58,+374 77 42 43 41,https://www.tomus-hotel.business.site/,,,,bookingtomushotel@gmail.com,40.7870021,43.8471798
way/1450139727,Իքս,Hotel X,Икс,отель,Дилижан,Սարալանջի 2-րդ նրբանցք 2/1,+374 99 248080,https://booking-115519.agast.ru/booking/rooms,,,,x25art@gmail.com,40.7470694,44.8365838
node/9545279252,Լայմ հյուրանոց,Lime hotel,,отель,Гюмри,Ալեք Մանուկյան փողոց 2/1,,,,,,,40.7929401,43.844582
node/5300375920,Կամա,"""Kama"" Hotel","Гостиница ""Кама""",отель,Гюмри,,"+374 55 30 12 08, +374 312 3 07 77",,,,,,40.8042318,43.8485472
way/1256039802,Կիրովական,Kirovakan,Кировакан,отель,Ванадзор,Մաշտոցի փողոց 1,+374 322 47010,https://hotelkirovakan.com/,,,,info@kirovakan-hotel.com,40.8047856,44.5000963
way/1531503990,Հակոբի մոտ,Hakobi Mot,Акоби Мот,отель,Севан,,+374 96 212127,,,https://www.facebook.com/profile.php?id=100066452149901#,,,40.5672653,45.001479
node/14100641712,Հերմես,Hermes,,отель,Ванадзор,,+374 55 500047,,,,,,40.8116513,44.4933549
way/1537747650,Միմինո,Mimino,Мимино,отель,Дилижан,Միխայիլ Կալինինի փողոց 250,+374 94 046011,,mimino.hotel,hotelmimino,,,40.7416285,44.8376035
node/7600543685,Յասաման Սևան,Yasaman Sevan,,отель,Севан,M-4,+37498014052,,,,,,40.5795949,44.9917145
way/549201288,Սպիտակ վարդեր,,,отель,Гюмри,Հաղթանակի պողոտա 25/2,,,,,,,40.783435,43.8454515
node/6673296086,Վալե,Vale,,отель,Гюмри,Վազգեն Սարգսյանի փողոց 30/1,,,,,,,40.8143917,43.8399254
node/5305285990,Վանատուր,"""Vanatur"" Hotel","""Ванатур"" Гостиница",отель,Гюмри,Գորկու փողոց 70,"+374 312 5 04 64, +374 312 5 01 92",,,,,,40.7868169,43.8497319
way/1408617515,Տուն Արմենի,Toon Armeni,Тун Армени,отель,Дилижан,Կամարինի փողոց 4,+374 98 787899,https://www.toonarmeni.am/,toon_armeni_dilijan,ToonArmeni,,info@toonarmeni.am,40.7427088,44.8732016
node/5026926590,Օրսետո,Orsetto,Орсетто,отель,Севан,,,,,,,,40.5370628,44.9634549
node/5712753820,"""Kellers"" beerhouse","""Kellers"" beerhouse",,паб,Севан,,,http://www.kellers.am,,,,,40.5361804,44.940954
node/6421524694,Amigo,,,паб,Гюмри,Սայաթ-Նովայի պողոտա,,,,,,,40.7890925,43.84624
node/6911956528,Gurdjieff Tavern,,,паб,Гюмри,,,,,,,,40.7889223,43.8410087
node/11124467809,Zeppelin,,,паб,Ванадзор,,,,,,,,40.8113686,44.4842251
node/10142838817,A.N.G. Perfect Hall,,,парикмахерская,Дилижан,,+374 94 020343,,,,Nver_Araqelyan,,40.7539323,44.8910182
node/13063179543,Alex,,,парикмахерская,Севан,,,,,,,,40.5489847,44.9575867
node/6425232311,Alik,,,парикмахерская,Гюмри,Շահումյան փողոց,,,,,,,40.7799099,43.8420589
node/6412132056,BNAG hairdresser for men and woman,,,парикмахерская,Гюмри,,,,,,,,40.7825631,43.8443052
node/11374084742,Comfort,,,парикмахерская,Ванадзор,,,,,,,,40.7990795,44.5193066
node/6412417205,Gohar Salon,,,парикмахерская,Гюмри,Սայաթ-Նովայի պողոտա,,,,,,,40.7883813,43.8461157
node/10915981246,Mil-El-Mon,,,парикмахерская,Ванадзор,,,,,,,,40.8024431,44.4909357
node/12293464704,Mirzakhanyan Barber Shop,,,парикмахерская,Ванадзор,,,,,,,,40.7981277,44.5189136
node/11370539043,Monica,,,парикмахерская,Ванадзор,,,,,,,,40.8058994,44.4945511
way/1532246169,Mr. Haroyan,,,парикмахерская,Дилижан,Միխայիլ Կալինինի փողոց 120/1,+374 77 076716,,,,,,40.7398778,44.8522259
node/10902385295,Ray,,,парикмахерская,Ванадзор,,,,,,,,40.8080627,44.4902924
node/6414539448,Rivanna,,,парикмахерская,Гюмри,Արագած փողոց,,,,,,,40.7835857,43.8441275
node/6425193746,Salon Mili,,,парикмахерская,Гюмри,,,,,,,,40.7929782,43.8447082
way/1212114756,Sati,,,парикмахерская,Ванадзор,,,,,,,,40.8077269,44.4905439
node/4120096989,Violet,,,парикмахерская,Дилижан,,,,,,,,40.7426368,44.8723365
node/11197664608,salon svetlana,,,парикмахерская,Гюмри,,+374 94 71 88 49,,,,,,40.8135579,43.8157506
node/11346051629,selin,,,парикмахерская,Гюмри,,,,,,,,40.8168343,43.8123491
node/12361405918,Արտուշի,Artush's,У Артуша,парикмахерская,Гюмри,Գարեգին Նժդեհի պողոտա 26/10,+37493238319,,,,,,40.7943362,43.8461916
node/7829720984,Բյութի Արտ,Beauty art,,парикмахерская,Ванадзор,,,,,,,,40.8096906,44.4875239
node/6409766288,Գյումրու ամենահին վարսավիրանոց,,,парикмахерская,Гюмри,Գայի փողոց,,,,,,,40.7860791,43.8404958
node/4153240312,Ջեսիկա գեղեցկության սրահ,"""Jessica""","""Jessica""",парикмахерская,Гюмри,,,,,,,,40.8062384,43.8473742
node/14107677246,Տատյանա,Tatiana,Татьяна,парикмахерская,Дилижан,,+374 94 734771,,,,,,40.7535936,44.8954457
node/4292821790,"""Polos Mukuch""",,,ресторан,Гюмри,Ջիվան փողոց 75,,,,,,,40.788058,43.8383658
node/5217867200,"""Voske Tslik""",,шашлычный двор,ресторан,Гюмри,,+374 312 5 99 99,,,,,,40.7962247,43.8470223
node/13964085301,Akn Arevi,,,ресторан,Ехегнадзор,Շահումյան փողոց 16,,,,,,,39.7625129,45.3299961
node/13968948205,"Al-Ahwaz Cafe, pub & restaurant",,,ресторан,Гюмри,Rustaveli Street 27,,,,,,,40.7890425,43.8405648
node/6027255167,Amico,,,ресторан,Севан,,,,,,,,40.5483148,44.9605629
node/13159115702,Arevik Hotel Restaurant,,,ресторан,Севан,,,,,,,,40.5585216,44.9910333
node/14098661666,Armenita,,,ресторан,Дилижан,Մաքսիմ Գորկու փողոց 29/41,+374 94 821010,,dilijanvillas_armenita,,,,40.7447679,44.8606167
node/13069399560,Bohem Hall,,,ресторан,Ванадзор,,,,,,,,40.7912248,44.5170309
node/13169214001,Bon appétit,,,ресторан,Севан,,,,,,,,40.5463902,44.9621828
way/1536028556,Cabinet,,,ресторан,Дилижан,Մաքսիմ Գորկու փողոց 3/2,+374 44 774433,,cabinet.dilijan,,,,40.7370538,44.863209
node/5217720423,Cruise,,,ресторан,Гюмри,Haghtanaki Ave 2,+374 95 50 11 33,,,https://www.facebook.com/Cruise-%D4%BF%D6%80%D5%B8%D6%82%D5%AB%D5%A6-479920392190304/,,,40.7871157,43.8453269
node/13085115384,D'CAVE,,,ресторан,Дилижан,,+374 44 443336,https://dilijaninn.am/en/restaurant-en/,dcaveinn,,,,40.7464789,44.8873796
node/5300436535,Di Napoli,,,ресторан,Гюмри,Գարեգին Նժդեհի պողոտա 1/5,"+374 312 3 55 63, +374 312 3 33 99",https://gcc.am/,,https://www.facebook.com/pages/Di-Napoli-Pizza/129586947122887,,,40.8026844,43.8488066
way/1447175602,Dili House,,,ресторан,Дилижан,Մյասնիկյան փողոց,,,,,,,40.7386188,44.8679094
node/12766613350,Dili JanPizza,,,ресторан,Дилижан,Մյասնիկյան փողոց 48,+374 77 617166,,dili_janpizza,DiliJanPizza,,,40.739319,44.8693874
way/1478664594,Dilijan Resort,,,ресторан,Дилижан,,+374 55 047755,,,,,,40.7391797,44.8416598
node/3721929028,Edem,,,ресторан,Ванадзор,,+374 99 07 35 55,,,,,,40.8140074,44.5073274
node/11159216911,Flamingo,,,ресторан,Ванадзор,,,,,,,,40.8004383,44.4989547
node/6412134317,Florenc,,,ресторан,Гюмри,Գորկու փողոց,,,,,,,40.7877554,43.8383146
node/10707078380,Forest1961 Boutique Hotel & Restaurant,,,ресторан,Ванадзор,Բուսաբանական փողոց 3,,,,,,,40.7953941,44.4879139
way/293457308,Getap,,,ресторан,Дилижан,Թբիլիսյան խճուղի 44,,,,,,,40.7594014,44.9064743
way/1536383344,Hamadam,,,ресторан,Дилижан,Սայաթ-Նովայի փողոց 2/1,+374 43 221788,https://hamadam.restaurant,hamadam_restaurant,https://www.facebook.com/profile.php?id=61564973412645,,,40.7404009,44.8667638
node/5217718421,Hatsatun,,,ресторан,Гюмри,Բագրատունյաց հրապարակ,,,,,,,40.7870316,43.846118
way/496890725,Hatsi,,,ресторан,Дилижан,Մյասնիկյան փողոց 37/3,+374 33 305555,,hatsi.restaurant,hatsi.restaurant,,hatsi.rest@gmail.com,40.7390925,44.8665982
node/14030715180,Haveli,,,ресторан,Дилижан,,+374 93 891027,,haveli_indian.restaurant,,,,40.7396484,44.8675297
node/5217819725,Herbs and Honey,,,ресторан,Гюмри,,+37477136160,https://herbsandhoney.am,,,,,40.7863497,43.8437445
node/13185016492,Hovaz Wine rooms,,,ресторан,Дилижан,,,,,,,,40.744719,44.8721199
node/10123491604,Hovk,,,ресторан,Дилижан,,+374 33 434853,https://www.hovk.am/,hovkrestaurant,HovkRestaurant,,hovkrestaurant@gmail.com,40.7392577,44.8692447
way/1537825145,Imtoon Gastroliving,,,ресторан,Дилижан,Շահումյան փողոց 1,+374 55 561354,,imtoondilijan,ImToonDilijan,,Imtoon.dilijan@gmail.com,40.7513635,44.8876006
node/8252140223,Inferis,,,ресторан,Гюмри,Խրիմյան Հայրիկ խճուղի 46/3,+37494000195,,,,,,40.7969281,43.8534647
node/13998432252,Ivani,,,ресторан,Дилижан,,+374 95 013013,,ivanirestaurant,,,,40.7525653,44.8965879
way/1381532621,Kanach Terev,Kanach Terev,Канач Терев,ресторан,Дилижан,Միխայիլ Կալինինի փողոց 196Ա,+374 98 798939,https://t.me/Kanach_terev,kanach_terev_dilijan,https://www.facebook.com/profile.php?id=100069835389715,Kanach_terev,kanach.terev.dilijan@gmail.com,40.7410467,44.843375
way/1533064745,Kessab,,,ресторан,Дилижан,,,,,,,,40.759214,44.8994346
node/5815864253,Le Petit Cafe,,,ресторан,Севан,,+374 93 33 45 53,,,,,,40.5473535,44.9571786
node/14016965387,Lemon,,,ресторан,Гюмри,,,,,,,,40.7865626,43.8412396
way/458723804,Little Dili,,,ресторан,Дилижан,Մաքսիմ Գորկու փողոց 48/5,+374 77 100096,,,,,,40.7393278,44.8653974
node/11077370046,Little Dragon,,,ресторан,Ванадзор,,+374 44 323424,https://vanadzor.littledragon.am/,,,,,40.8104834,44.4907667
way/633255194,Little Dragon,,,ресторан,Дилижан,Մյասնիկյան փողոց 30Բ,+374 94 323424,https://littledragon.am/,littledragon_dilijan,dragondilijan,dragondilijan,,40.7385975,44.867747
way/1147752738,MASOOR family Restaurant,,Masoor семейный ресторан,ресторан,Ванадзор,Վարդանանց փողոց 19-2,+374 60 515515,,masoorfamilyrestaurant,MasoorFamilyRestaurant,,masoorfamilyrestaurant@gmail.com,40.8099427,44.4852972
way/684180296,Manifest,,,ресторан,Гюмри,Ղարսի խճուղի 1,,,,,,,40.7788265,43.8275525
node/10121165760,Maran,,,ресторан,Ванадзор,,,,,,,,40.8095263,44.4897808
node/9088112017,Merhatsy,Merhatsy,,ресторан,Гюмри,,+37444200301,,,,,,40.7874791,43.8382908
node/1415957939,Millenium,,,ресторан,Гюмри,,,,,,,,40.7934501,43.846774
node/10948699072,Mirans,,,ресторан,Севан,,"+374 96 67 70 67, +374 94 67 70 67",,,,,,40.5485465,44.9584332
node/12895535301,Miro,,,ресторан,Гюмри,Rustaveli Street 29/1,,,,,,,40.7890734,43.8406638
node/13951713823,Monet,,,ресторан,Дилижан,,+374 41 999052,,monet_restaurant,,,,40.7441172,44.8291289
node/13596066215,Muraz,,,ресторан,Дилижан,,+374 77 707059,,murazdilijan,https://www.facebook.com/p/Muraz-Cafe-Cocktail-Bar-61578869972963/,murazcafe,murazcafecocktailbar@outlook.com,40.7384897,44.8656889
way/564420501,Navak Restaurant,,,ресторан,Ванадзор,Լոռվա խճուղի 1/1,,,,,,,40.8150213,44.4970619
node/1422705243,Oasis,,,ресторан,Гюмри,,,,,,,,40.7851272,43.8355805
way/293458030,Old Dilijan,,,ресторан,Дилижан,Շարամբերյան փողոց,,,,,,,40.7394057,44.868668
node/10123532749,Old Winery,,,ресторан,Дилижан,,+374 95 840041,https://olddilijan.am/,olddilijan,olddilijan,,olddilijan@gmail.com,40.7392203,44.8691565
node/9909927073,Orsetto,,,ресторан,Севан,,+37498800037,,orsetto_sevan,Orsetto,,,40.5370577,44.9635635
node/10757133193,Palma,,,ресторан,Ванадзор,,,,,,,,40.8147994,44.4825502
way/293449839,Papanino House,,,ресторан,Дилижан,Կալինինի փողոց 104,+374 41 204500,https://www.papaninohouse.com/,papaninohouse,https://www.facebook.com/papaninohouse,,info@papaninohouse.com,40.7398771,44.8533106
way/1532969269,Red forest,,,ресторан,Дилижан,Սայաթ-Նովայի փողոց 46,+374 99 466046,,ed_forest_dilijan,https://www.facebook.com/profile.php?id=61577634508055,,,40.7504106,44.8774248
way/386836333,Safia Hall,Safia Hall,,ресторан,Ванадзор,,,,,,,,40.8141808,44.4928814
node/7041935955,Shara,,,ресторан,Гюмри,Գարեգին Նժդեհի պողոտա 1/5,+374 312 3 55 63,,,https://www.facebook.com/sharagyumri/,,,40.802732,43.8484053
node/13235092601,Sushi Sakura,,,ресторан,Гюмри,Haghtanak Avenue 3,,,,,,,40.7863159,43.8459801
node/13241125411,Takhta,,,ресторан,Дилижан,,,,takhta_rest,,,,40.7439243,44.8820731
node/13993772331,The Place,,,ресторан,Дилижан,,+374 55 136136,,theplace.dilijan,,,,40.7379127,44.8635112
node/12896889902,Zero,,,ресторан,Гюмри,Rizhkov Street 2,,,,,,,40.7871956,43.8442252
node/11005548999,barev cafe,,,ресторан,Севан,,+374 93 50 08 16,,,,,,40.5472173,44.9571995
node/11228704801,maki sushi,maki sushi,маки суши,ресторан,Гюмри,,"+374 93 99 11 39, +374 55 99 11 39",,,,,,40.8019353,43.8341033
node/9796401392,row of cheap food stalls,,,ресторан,Ванадзор,,,,,,,,40.8117054,44.4912727
node/11343561722,tokyo,tokyo,Токио,ресторан,Гюмри,,,https://www.instagram.com/tokyo_gyumri,,,,,40.7870305,43.851149
node/11208469038,Кумкума,,,ресторан,Гюмри,,,,,,,,40.7941817,43.8456061
node/4250130389,Лчак,,,ресторан,Ехегнадзор,,,,,,,,39.7548962,45.3349963
node/2398185494,Славянский двор,Slavyanskiy Dvor,Славянский двор,ресторан,Гюмри,,,,,,,,40.7851228,43.8408888
node/2960330867,Աղոյի մոտ,"""Aghoi mot""","""Агои мот""",ресторан,Севан,,,,,,,,40.535415,44.9425927
node/3559931002,Այգի,,Айги,ресторан,Ехегнадзор,,,,,,,,39.7622235,45.3331552
node/9089016319,Անի,Ani,,ресторан,Гюмри,,,,,,,,40.787253,43.8413549
node/6421524693,Անուշարան,Anusharan,,ресторан,Гюмри,,,,,,,,40.7916811,43.8465406
node/6147905524,Արարատ,Ararat,Арарат,ресторан,Севан,,,,,,,,40.5473876,44.9587807
way/412621095,ԲՅՈՒԶԱՐՏ,"""Byuzart""","""Бюзарт""",ресторан,Гюмри,,,,,,,,40.8072529,43.8476875
way/265418640,Բելլիսիմո,Ayg Hall,,ресторан,Ванадзор,Բաթումի փողոց 9/1,,,,,,,40.8117854,44.4798326
node/2957860709,Բիստրո,,,ресторан,Гюмри,Խրիմյան Հայրիկ խճուղի 6/13,+(374)312-3-83-83,,,,,,40.8048228,43.8659533
node/11783459408,Գյումրի էքսպրեսս,Gyumri express,,ресторан,Гюмри,,,,,,,,40.7876877,43.8402326
way/1531233377,Գրողների հանգստյան տան ռեստորան,Canteen of Writres Rest House,Столовая Дом писателей,ресторан,Севан,Ձկնորսների փողոց 7/1,+374 95 75 00 03,,,,,,40.5627711,45.0120007
way/1546946027,Դիլի Ձոր,Dili Dzor,Дили Дзор,ресторан,Дилижан,Պարզ լիճ 69/1,+374 93 025752,,dili_dzor/,dilidzor,,,40.7574489,44.9075491
way/387788284,Էլկանի ռեստերան,Elkani,Элькани,ресторан,Ванадзор,,,,,,,,40.8016005,44.4959346
way/447337586,Թավա,Tava,Тава,ресторан,Дилижан,Սայաթ-Նովայի փողոց 6,+374 41 886018,https://vardo-menu.tilda.ws/,tavadilijan,TavaDilijan,,tavadilijan@gmail.com,40.741143,44.8691503
node/11854026244,Թթու ջուր,,,ресторан,Ванадзор,,,,,,,,40.8081463,44.4999289
node/11188943762,Իզագրի,Izagri,Изагри,ресторан,Ванадзор,,,,,,,,40.8085315,44.4892324
way/1044772205,Իմպերիալ,Imperial,Империал,ресторан,Гюмри,Խրիմյան Հայրիկ խճուղի,,,,,,,40.7998128,43.85736
way/1044772206,Ինֆերիս,,Инферис,ресторан,Гюмри,Խրիմյան Հայրիկ խճուղի 46/3,,,,,,,40.7986456,43.85618
way/1531503909,Իշխան,Ishkhan,Ишхан,ресторан,Севан,,+374 93 616655,,sevan.ishxan.loxap.terakxzi,,,,40.5627413,45.0105677
node/6399414710,Լճափ,Lchap,Лчап,ресторан,Дилижан,,,,,,,,40.7393392,44.8656321
way/1532239119,Լուսաբաց,Lusabac,Лусабац,ресторан,Севан,,+374 99 106031,,lusabac_loxap_restaurant,LusabacBeachRestaurant,,,40.5630714,45.00939
way/524666718,Խարիսխ,Kharkish,Якорь,ресторан,Севан,,+37477803135,,,,,,40.5681326,44.9998566
way/1458124138,Խորովածի բակ,Barbecue Yard,Шашлычный двор,ресторан,Дилижан,Մաքսիմ Գորկու փողոց 2/1,,,,,,,40.7326615,44.8661516
node/5006424428,ԿԱՐԱՍԱՐ,KARASAR,,ресторан,Севан,,,,,,,,40.5943836,44.9669969
way/1536028561,Կեր ու Սուս,Ker u Sus,Кер у Сус,ресторан,Дилижан,Մյասնիկյան փողոց 28/5,+37443751028,,kerusus_dilijan,kerususdilijan,,,40.73849,44.8673137
node/13186349114,Կճուճ,Kchuch,Кчуч,ресторан,Дилижан,,+374 41 886018,https://vardo-menu.tilda.ws/,https://www.instagram.com/kchuchdilijan/,https://www.facebook.com/KchuchDilijan,,kchuchdilijan@gmail.com,40.7410925,44.8690791
node/10575730542,Կտոր Մը պանդոկ,Ktor M tavern,Ктор М таверна,ресторан,Гюмри,Գայի փողոց 14,+37477895008,https://www.facebook.com/ktormGyumri/,,,,ktormgyumri@gmail.com,40.7858317,43.8404582
node/4194236045,Հայ օջախ սրահ,"""Hay Ojakh Srah""","""Ай оджах сраг""",ресторан,Ванадзор,,,,,,,,40.7960227,44.526312
way/992323708,Հայեցի,Hayetsi,Айеци,ресторан,Севан,Ձկնորսների փողոց,+374 93 576399,,hayetsi_restaurant,,,,40.5637076,45.0089459
node/6189906185,Հավլաբար պանդոկ,HAVLABAR TABERN,Хавлабар таверна,ресторан,Гюмри,,,,,,,,40.787161,43.8452647
way/1458668761,Մարսել,Marsel,,ресторан,Ванадзор,Ուսանողական փողոց 2,,,,https://www.facebook.com/marselrestoranayinhamalir,,,40.8020146,44.518992
way/317942174,Միլագրո Ռեստորանային Համալիր,Milagro,Милагро,ресторан,Ванадзор,Թումանյան փողոց 8,,,,,,,40.8099686,44.4967219
node/7600543686,Յասաման Սևան,Yasaman Sevan,,ресторан,Севан,M-4,+37498014052,,,,,,40.5796251,44.9915682
way/1037156579,Նաիրի,Nairi,,ресторан,Ванадзор,Զորավար Անդրանիկի փողոց 36,+374 96 630333,,,,,,40.7971902,44.5037902
node/8850868717,Նաշ դվոռ,Nash dvor,Наш двор,ресторан,Гюмри,Շարա Տալյան փողոց,,,,,,,40.802022,43.8511788
node/4175710789,Նոր Ավան,"""Nor Avan""",,ресторан,Ехегнадзор,,,,,,,,39.7555471,45.3397704
node/14016965393,Շիրազ,Sheeraz,,ресторан,Гюмри,,,,sheerazgyumri,,,,40.7875991,43.8410924
node/5301991531,Ոսկե Ծիրան,"""Golden Apricot"" Restaurant","""Золотой Абрикос""",ресторан,Гюмри,,,,,,,,40.7864773,43.854494
way/294453212,Ուրարտու,,,ресторан,Гюмри,,,,,,,,40.8052407,43.8595402
node/1362152472,Չերքեզի ձոր,Cherkezi Dzor,,ресторан,Гюмри,,+374 312 65559,http://www.gyumrifish.am,,,,red-fort@mail.ru,40.7975849,43.8278936
way/1237236374,Ռիվերոն,Riveron,,ресторан,Ванадзор,Բոշյան փողոց 3,,,,,,,40.8133881,44.4985837
way/1299465374,Սալորի,Salori,,ресторан,Ванадзор,Զաքարյան փողոց 29,,,,,,,40.8017433,44.4950363
way/1545625167,Սեմոյի մոտ / Կոլլետ,Semoyi mot / Collette,У Сэмо / Коллет,ресторан,Севан,,+374 41 778899,,semoyimot_restaurant,,,,40.5872649,44.9727155
node/3222853653,Վանատուր,"""Vanatur"" Restaurant","""Ванатур""",ресторан,Гюмри,,"+374 312 5 07 14, +374 312 5 01 92",,,,,,40.7867773,43.85001
node/11195477737,Վարդգեսի մոտ,At Vardges,У Вардгеса,ресторан,Севан,Սայաթ Նովա փողոց 10/30,+374 55 616060,,,,,vardanzakar.79@gmail.com,40.5484772,44.957025
way/1507672797,Վեգաս,,,ресторан,Ванадзор,,,,,,,,40.8068071,44.4982057
node/6412121850,Տաշիր պիցցա,Tashir Pizza,Ташир Пицца,ресторан,Гюмри,Sayat-Novai St 2,+374 031 25 50 05,https://www.tashirpizza.am/,,https://www.facebook.com/tashirpizza/,,info@tashirgroup.am,40.7919354,43.8460474
node/6359727386,Տաշիր պիցցա,Tashir Pizza,Ташир Пицца,ресторан,Ванадзор,Տիգրան Մեծի պողոտա 44-6,+374 032 24 44 11 / +374 032 24 11 01,https://www.tashirpizza.am/,,https://www.facebook.com/tashirpizza/,,info@tashirgroup.am,40.8080178,44.4942099
node/1843882287,Տիգրան Մեծ,"""Tigran Mets""",,ресторан,Гюмри,Տերյան փողոց,,,,,,,40.7803695,43.8540997
way/293458901,Տուն Արմենի,Toon Armeni,Тун Армени,ресторан,Дилижан,Կամարինի փողոց 4,+374 98 787899,,,ToonArmeni,,info@toonarmeni.am,40.7425095,44.8730068
node/3707579025,Տրոյա,"""Troya""",Ресторан Троя,ресторан,Гюмри,,,,,,,,40.7765731,43.8428075
way/1551605763,Քարահուջ,Carahunge,Караундж,ресторан,Дилижан,Միխայիլ Կալինինի փողոց 25,+374 43 220003,,carahunge_dilijan,CarahungeDilijan,,,40.7397531,44.8610709
node/5183961921,Քյալլա,,,ресторан,Гюмри,,,,,,,,40.7833094,43.8458985
node/5217720002,Ֆայտոն,"""Faeton""","""Фаэтон""",ресторан,Гюмри,,+374 98 10 20 10,,,,,,40.7862258,43.8460579
node/13306832856,AM,,,салон красоты,Дилижан,,,,,,,,40.7429789,44.8727355
node/4340280890,Adel,,,салон красоты,Ванадзор,,+37494049535,,,,,,40.8099087,44.4960681
node/10116543863,Anahil,,,салон красоты,Дилижан,,,,,,,,40.7527857,44.8908752
node/11067411386,Anna,Anna,,салон красоты,Ванадзор,,,,,,,,40.8098678,44.4908321
node/13631077349,BS,,,салон красоты,Дилижан,,,,,,,,40.7393971,44.8464769
node/7835228977,Bagira Lux,Bagira Lux,,салон красоты,Севан,,,,,,,,40.5477838,44.955826
node/12407531185,Beauty Garage,Beauty Garage,,салон красоты,Ванадзор,Տիգրան Մեծի պողոտա 38/1,,,,,,,40.8085598,44.4910122
node/7835355824,Christi Ani,Christi Ani,,салон красоты,Севан,,,,,,,,40.5479148,44.9567773
node/6373820072,Dili&Jani,,,салон красоты,Дилижан,,+374 91 643355,,dili.jani,dilijanibeautysalon,,Babayan_lilit_75@mail.ru,40.7386345,44.855032
node/10944132744,Elite,,,салон красоты,Ванадзор,,,,,,,,40.8161387,44.4787139
node/12896115501,Golden lady,,,салон красоты,Гюмри,Spandaryan street 24,,,,,,,40.7843939,43.8431983
node/13299689938,Has,,,салон красоты,Дилижан,,,,,,,,40.7531369,44.8924386
node/12290587825,In Beauty,,,салон красоты,Гюмри,,+37477728771,,https://www.instagram.com/in_beauty_gyumri/,,,,40.7742605,43.8377906
node/10758571804,Jadore,,,салон красоты,Ванадзор,,,,,,,,40.8041371,44.5139817
way/633255193,LIMAGE,,,салон красоты,Дилижан,Մյասնիկյան փողոց,,,,,,,40.7385713,44.8676449
node/11067411387,La Belle,La Belle,,салон красоты,Ванадзор,,,,,,,,40.8094509,44.4920931
node/10876048496,Lianna,,,салон красоты,Ванадзор,,,,,,,,40.8119776,44.4862902
node/11016018485,Lili,,,салон красоты,Ванадзор,,,,,,,,40.8029989,44.4954235
way/1493861085,Lili Dili,,,салон красоты,Дилижан,Գետափնյա փողոց 8/3,+374 41 151463,,_salon_lili_dili_,https://www.facebook.com/profile.php?id=61583438549996,,,40.7388444,44.8545324
node/13518336570,SK Beauty,,,салон красоты,Дилижан,,+374 99 057596,,sk_beauty_dilijan,,,,40.751247,44.8358386
node/10120781038,Shine Nails Studio,Shine Nails Studio,Шайн Нейлс Студио,салон красоты,Ванадзор,Լազյան փողոց 37,,,,,,,40.8117466,44.4875907
way/1532246168,Smooth,,,салон красоты,Дилижан,,,,,,,,40.7398383,44.853062
node/10758619605,Stella,,,салон красоты,Ванадзор,,,,,,,,40.8038036,44.5141983
node/11159439708,Syuzn Style,,,салон красоты,Ванадзор,,,,,,,,40.8015987,44.5200777
node/11530189093,VeNtus Beauty Salon,VeNtus Beauty Salon,,салон красоты,Ванадзор,Լազյան փողոց 37,,,,,,,40.8117452,44.487601
way/1415489314,YEVA,,,салон красоты,Дилижан,,,,,,,,40.7506526,44.8881651
way/293449682,Yeva,,,салон красоты,Дилижан,Գետափնյա փողոց 6/2,,,,,,,40.7384467,44.8523753
way/1475392521,hair'izma,,,салон красоты,Дилижан,Գետափնյա փողոց 76/4,+374 33 039966,,hairizma_dilijan,,,,40.7403808,44.8429992
node/12760668052,m&m,,,салон красоты,Дилижан,,,,,,,,40.7408202,44.846822
way/1432370801,universal.1,,,салон красоты,Дилижан,Գետափնյա փողոց 84/1,+374 44 010290,,beautysalon_universal.1,,,,40.7400714,44.8411492
way/1475380749,Լիլի,Lili,Лили,салон красоты,Дилижан,Միխայիլ Կալինինի փողոց 224/1,+374 94 400393,,,lili.gegec.kut.yan.srah,,,40.7410603,44.8405726
way/386920064,Ռեմի,Remi,,салон красоты,Ванадзор,Լազյան փողոց 33-1/1,+374 98 126669,,,,,,40.8118419,44.4868898
way/293458078,ArtDent,,,стоматология,Дилижан,Սայաթ-Նովայի փողոց 4,+374 99 113969,,,DilArtDent,,art-dent74@mail.ru,40.7406876,44.86829
node/12860706741,Deli-Dent,,,стоматология,Дилижан,,,,,,,,40.7528798,44.8928878
node/11212470528,Estet,,,стоматология,Гюмри,,,,,,,,40.8159713,43.8156962
node/10221675945,Mila Dent,,,стоматология,Гюмри,,,,,,,,40.8138017,43.8189927
node/10120786936,Optimum,,,стоматология,Ванадзор,,,,,,,,40.8122278,44.4831998
node/14131226383,Optimum,,,стоматология,Ванадзор,,+374 98 32 31 15,https://optimumclinic.am/,,,,,40.8129648,44.4803513
way/293446931,Sargsyan,,,стоматология,Дилижан,Գետափնյա փողոց 42/1,+374 95 181807,,dr.yura_sargsyan,doctor.sargsyan,,,40.7390247,44.8491621
way/413869235,Smail city,,,стоматология,Гюмри,Գարեգին Նժդեհի պողոտա 8,,,,,,,40.8008268,43.8469417
node/4169791620,eskulap,,,стоматология,Гюмри,Այվազովսկու փողոց,,,,,,,40.8072234,43.8450959
node/11364115949,Աղաբաբյան ատամնաբուժական կլինիկա,,,стоматология,Ванадзор,Վարդանանց փողոց 23,,,,,,,40.808769,44.4883996
way/419537671,Ատամնաբուժարան,,,стоматология,Ванадзор,,,,,,,,40.7957922,44.5285597
node/11181787152,Դա ՎինՉի,DaVinCi,,стоматология,Ванадзор,,,,,,,,40.809001,44.4962986
way/263642421,Դենս,,Денс,стоматология,Ванадзор,Վարդանանց փողոց 80,,,,,,,40.8089367,44.4867282
node/6425137832,Հովանի,,,стоматология,Гюмри,,,,,,,,40.7791791,43.8416361
node/12084660990,Մուշ Դենտ,Mush Dent,,стоматология,Ванадзор,,+374 91 797946,,,,,,40.8139825,44.4846001
node/4836322825,Ստոմա-Դենտ,Stoma-Dent,Стома-Дент,стоматология,Гюмри,Gorki street,+37491417089,,,,,,40.7875942,43.8417556
node/13509806114,Ստոմատոլոգիական Պոլիկլինիկա №2,,,стоматология,Ванадзор,,,,,,,,40.7977522,44.5108932
way/217926562,ՎանՄեդ,VanMed,ВанМед,стоматология,Ванадзор,Զաքարյան փողոց 29,,,,,,,40.8016956,44.494839
node/11156038993,Վարոսյան,Varosyan,,стоматология,Ванадзор,,,,,,,,40.8107068,44.4813473
node/12101086989,Օհանյան կլինիկա,Ohanyan clinic,,стоматология,Ванадзор,,,,,,,,40.8056522,44.495015
way/412649518,"""VIVA"" սուպերմարկետ","""VIVA""",Вива,супермаркет,Гюмри,,,,,,,,40.8021723,43.8468203
node/6412415081,Basen,,,супермаркет,Гюмри,,,,,,,,40.7841718,43.8425249
node/12023279222,Basen,Basen,Басен,супермаркет,Гюмри,,,,,,,,40.7941372,43.8618851
way/547856601,Carrefour,Carrefour,,супермаркет,Гюмри,Տերյան փողոց 108,,https://www.carrefourarmenia.com/,,,,,40.7801238,43.8524722
way/1565283421,Carrefour,Carrefour,,супермаркет,Гюмри,,,https://www.carrefourarmenia.com/,,,,,40.8158636,43.8161433
way/496279542,City Market,,,супермаркет,Гюмри,Աբովյան փողոց 258,,,,,,,40.7838361,43.8401128
way/293460361,Diana,,,супермаркет,Дилижан,Գայի փողոց 80/1,+374 94 090550,,,,,,40.7537907,44.8984334
node/13923917351,Green Way,,,супермаркет,Ванадзор,,,,,,,,40.8152256,44.4812829
way/809050016,Gyumri City,,,супермаркет,Гюмри,,,,,,,,40.7930266,43.8482421
node/6414553336,Kalina Supermarket,,,супермаркет,Гюмри,Ախուրյանի խճուղի,,,,,,,40.7793879,43.8569805
node/6412255709,Kangar Supermarket,,,супермаркет,Гюмри,Հաղթանակի պողոտա,,,,,,,40.7822426,43.8451554
node/6412415786,Karona,,,супермаркет,Гюмри,Շահումյան փողոց,,,,,,,40.7841088,43.8425168
node/11084072328,Karona,,,супермаркет,Гюмри,,,,,,,,40.7933742,43.8432196
node/6412384799,Lider,,,супермаркет,Гюмри,Խրիմյան Հայրիկ խճուղի,,,,,,,40.8033034,43.8634355
node/11201765851,Like Market,,,супермаркет,Гюмри,,,,,,,,40.8039529,43.8480368
node/10758619609,Livar,,,супермаркет,Ванадзор,,,,,,,,40.8037844,44.5154723
node/3571677297,New City,,,супермаркет,Дилижан,,+374 93 407003,,,dilijansupermarket,,,40.7420686,44.8722846
way/293449870,New City,,,супермаркет,Дилижан,,,,,,,,40.739521,44.853391
way/1380104080,New City,,,супермаркет,Дилижан,Մոլդովական փողոց 1Ա,,,,,,,40.7472371,44.835355
node/4393741237,Norma-Terzyan,Norma-Terzyan,Норма-Терзян,супермаркет,Гюмри,Աբովյան փողոց 248,031250063,,,,,norma-terzyan@mail.ru,40.7848054,43.8408405
way/412650889,OKay,,,супермаркет,Гюмри,Գարեգին Նժդեհի պողոտա 7/15,,,,,,,40.7987765,43.8475234
node/6412255711,Pobeda Supermarket,,,супермаркет,Гюмри,Հաղթանակի պողոտա,,,,,,,40.7823343,43.8443232
node/6835520835,Right Market,,,супермаркет,Ехегнадзор,,,,,,,,39.7597034,45.3327863
way/549019275,Rose,,,супермаркет,Гюмри,Թետչեր փողոց,,,,,,,40.8109707,43.8468654
node/11933112691,SOS,,,супермаркет,Ванадзор,,,,,https://www.facebook.com/people/SOS-supermarket/61553005302176/,,,40.8317713,44.442535
node/10766356606,SiMMek,,,супермаркет,Ванадзор,,,,,,,,40.8127969,44.4812236
way/440554482,Star Market,,,супермаркет,Ванадзор,,,,,,,,40.802188,44.5236948
node/11201662024,Trio,,,супермаркет,Гюмри,,,,,,,,40.7824044,43.8418939
node/14156727461,Troya,,,супермаркет,Ванадзор,,,,,,,,40.7912308,44.521858
way/767612197,villa,,,супермаркет,Гюмри,Կ․ Հալաբյան փողոց 12,,,,,,,40.8138222,43.8149676
way/232380285,Доброцен,Dobrotsen,Доброцен,супермаркет,Гюмри,Շիրակացու փողոց 109,+7 343 3020525,https://dobrotsen.ru,,,,info@dobrotsen.ru,40.7958326,43.8363994
node/4215177256,Ախթամար,,,супермаркет,Гюмри,,,,,,,,40.8108009,43.8488833
way/1203988296,Արարատ,Ararat,,супермаркет,Ванадзор,,,,,,,,40.7984241,44.5214838
way/440554286,Արծվաշեն,,,супермаркет,Ванадзор,,,,,,,,40.8034694,44.5229865
node/11201765847,ԲԱՍԵՆ,Basen,,супермаркет,Гюмри,,,,,,,,40.805975,43.8477418
node/4200862947,Բասեն,Basen,Басен,супермаркет,Гюмри,,,,,,,,40.8031956,43.8328037
node/4506894689,Բասեն,Basen,Басен,супермаркет,Гюмри,,,,,,,,40.8147087,43.8317999
node/11202239514,Բասեն,Basen,,супермаркет,Гюмри,,,,,,,,40.807487,43.8324002
node/11212478210,Գլենդել,Glendale,,супермаркет,Гюмри,,,,,,,,40.817809,43.8145098
node/3901937320,Գրին Պլազա,Green Plaza,Грин Плаза,супермаркет,Ванадзор,,,,,,,,40.8117662,44.4922023
node/7831312621,Գրին Պլազա,Green Plaza,,супермаркет,Ванадзор,,,,,,,,40.8094961,44.4922305
node/3901983631,Դանիելյան,Danielyan,,супермаркет,Ванадзор,,,https://danielyanllc.am/,,,,,40.8143151,44.4874322
way/186928180,Դոբրոցեն,Dobrotsen,Доброцен,супермаркет,Ванадзор,Ուսանողական փողոց 1,+7 343 3020525,https://dobrotsen.ru/,,,,info@dobrotsen.ru,40.8017301,44.5203607
node/11671616616,Երևան Սիթի,Yerevan City,Ереван Сити,супермаркет,Гюмри,,,https://yerevan-city.am/,,,,,40.7869312,43.8481191
node/13610158551,Երևան Սիթի,Yerevan City,Ереван Сити,супермаркет,Гюмри,,,https://yerevan-city.am/,,,,,40.7826151,43.8537714
node/11188943780,Երևան Սիթի,Yerevan City,Ереван Сити,супермаркет,Ванадзор,,,,,,,,40.8086358,44.490184
node/14249002306,Երևան Սիթի,Yerevan City,Ереван Сити,супермаркет,Ванадзор,,,,,,,,40.7940158,44.5118715
way/551489276,Երևան Սիթի,Yerevan City,Ереван Сити,супермаркет,Ванадзор,Թումանյան փողոց 8Դ,,,,,,,40.808561,44.497073
way/549562694,Էթգարտ,,,супермаркет,Гюмри,Ղանդիլյանի փողոց 28a,,,,,,,40.7904986,43.8591891
way/293446630,Թեր-Կարապետյաններ,Ter-Karapetyanner,Тер-Карапетяны,супермаркет,Дилижан,Միխայիլ Կալինինի փողոց 69,,,,,,,40.7394645,44.8565687
way/293447081,Իննա,Inna,Инна,супермаркет,Дилижан,Միխայիլ Կալինինի փողոց 237,+374 77 714027,,,,,,40.7407874,44.8417601
node/12019756954,Ծիրան,Tsiran,Циран,супермаркет,Ванадзор,,,https://tsiran.am/,,,,,40.809424,44.4926375
node/9853611905,Ծիրան,Tsiran,Циран,супермаркет,Дилижан,,+374 12 808022,https://tsiran.am,,,,,40.742788,44.8719647
node/4506894589,Կրպակ,Krpak,Крпак,супермаркет,Гюмри,,,,,,,,40.8029913,43.8289326
way/549562690,Հեգեռա մարկետ,Hegera,Хегера,супермаркет,Гюмри,Ղանդիլյանի փողոց,,,,,,,40.7913925,43.8597586
node/6425137826,Պաբեդա,,,супермаркет,Гюмри,Հաղթանակի պողոտա,,,,,,,40.7818184,43.8442612
way/217724424,Պահեստ մեծածախ,Pahest,,супермаркет,Ванадзор,Գրիգոր Լուսավորիչ փողոց 45,+374 98 716706,,,,,,40.812314,44.4912391
node/10984201494,Պռոշյան,Proshyan,,супермаркет,Ванадзор,Ներսիսյան փողոց 16/1,,,https://www.instagram.com/proshyansupermarket_/,,,,40.7964726,44.5103785
way/1087026317,Պռոշյան,Proshyan,,супермаркет,Ванадзор,,,,https://www.instagram.com/proshyansupermarket_/,,,,40.8086933,44.4874147
node/6266400153,Սոս,Sos,,супермаркет,Гюмри,Գորկու փողոց 68,,,,,,,40.7868588,43.8491169
node/3901985659,Սպարապետ,Sparapet,,супермаркет,Ванадзор,,,,,,,,40.8082017,44.4949978
way/293447742,Սքայ,Sky,Скай,супермаркет,Дилижан,Մաքսիմ Գորկու փողոց 50,,,,,,,40.7388629,44.8647825
node/6147768489,Վահագն Գրուպ,,,супермаркет,Севан,Սայաթ Նովա փողոց 9/23,,,,,,,40.5495341,44.9575159
node/10116543838,Տիգրան Մեծ,Tigran Mets,Тигран Мец,супермаркет,Дилижан,,+374 77 757023,,,tigran.mec.378,,,40.7537423,44.8960919
node/14072277569,Dilijan Adventures,,,турагентство,Дилижан,Անդրանիկի 3-րդ նրբանցք 1,+374 96 920091,https://dilijanadventures.am,dilijan.adventures,dilijan.adventures,,dilijanadventures@gmail.com,40.7439418,44.8529332
node/14099322353,Livar,,,турагентство,Дилижан,,,,,,,,40.7407815,44.8716732
node/7384680282,Nrneni Travel,,,турагентство,Ванадзор,Գարեգին Նժդեհի փողոց 19/2,+374 077 232391,,,https://www.facebook.com/NrneniTravel/,,nrnenitravel@mail.ru,40.8081075,44.4862745
node/11229691325,Smile tour,,,турагентство,Ванадзор,,,,,,,,40.8105657,44.4879844
node/13993775040,Starzz Travel,,,турагентство,Дилижан,,+374 44 142431,https://starzz.am,starzz_travel,,,starzz.office@gmail.com,40.7415251,44.8726042
node/11741326538,Van,,,турагентство,Ванадзор,,,,,,,,40.8102008,44.4863791
node/4505587092,Կադր,"""Kadr""",,турагентство,Гюмри,Գորկու փողոց 104,+37493191961,http://www.kadr-llc.com,,,,info@kadr-llc.com,40.7871312,43.8589166
node/6193257995,"""Food Court""","""Food Court""",,фастфуд,Ехегнадзор,,,,,,,,39.7557012,45.3399644
node/4281611174,"""Kilikia"" Bistro",,,фастфуд,Гюмри,Գարեգին Նժդեհ 22,+374 312 4 88 78,,,,,,40.7955986,43.8464925
way/684614219,5x5,,,фастфуд,Гюмри,,+374 98 14 44 55,,,,,,40.789542,43.8360527
node/11068678764,AnGe&L,,,фастфуд,Ванадзор,,,,,,,,40.8111008,44.4931321
way/685280542,Art Lunch,Art Lunch,арт ланч,фастфуд,Гюмри,,,,,,,,40.7898455,43.8455538
way/1236647890,Art Lunch,Art Lunch,,фастфуд,Дилижан,Թբիլիսյան խճուղի 14/3,,,,,,,40.7568633,44.88598
way/1202278579,Bar B.Q.,,,фастфуд,Ванадзор,Տիգրան Մեծի պողոտա 36/1,,https://barbq.am/,,,,,40.8090031,44.4914335
node/14070176558,Boom,Boom,Бум,фастфуд,Гюмри,,+374 98 91 41 44,,,,,,40.7871465,43.8505695
node/14268862353,Boqon Food,Boqon Food,Бокон Фуд,фастфуд,Гюмри,,+374 98 993 994,https://mynb3.mssg.me/,https://www.instagram.com/boqon_food/,,,,40.7944928,43.8503911
node/9310576479,Burger,,,фастфуд,Севан,,,,,,,,40.5484594,44.9591579
node/10915981247,Coffee House Prime,,,фастфуд,Ванадзор,,,,,,,,40.8090074,44.4925099
way/1241987360,Coffee House Prime,,,фастфуд,Ванадзор,,,,,,,,40.8086258,44.4896603
node/11378129729,DFD,,,фастфуд,Ванадзор,,,,,,,,40.81533,44.48564
way/1226663844,Davas Food,,,фастфуд,Ванадзор,,+374 93 577944,,,,,,40.7985535,44.5222048
node/12325473975,Family,,,фастфуд,Ванадзор,,+374 94 500222,,,,,,40.8145296,44.4834054
node/13108582935,Family Food,,,фастфуд,Ванадзор,,,,,,,,40.7971672,44.5102272
node/14138177680,Food City,,,фастфуд,Ванадзор,,,,,,,,40.8114935,44.4898385
node/11935542118,Food Garden,,,фастфуд,Ванадзор,,,,,,,,40.8176763,44.4739813
node/4414840491,Food House,,,фастфуд,Ванадзор,,,,,,,,40.8112346,44.4929343
node/12243233162,Food Mood,,,фастфуд,Ванадзор,,,,,,,,40.8027885,44.5193262
node/6412290217,Food Time,,,фастфуд,Гюмри,Գորկու փողոց,,https://foodtime.am/,,,,,40.787024,43.8472054
node/10742950465,FoodForce,,,фастфуд,Ванадзор,,,,,,,,40.8131529,44.4865897
way/152446039,Haceni Food,Haceni Food,Хацени Фуд,фастфуд,Гюмри,Երևանյան խճուղի 21/2,+374 98 61 01 97,,,,,,40.7762708,43.8528627
node/12757631111,Jelly panda,,,фастфуд,Дилижан,,,,,,,,40.7377685,44.8559468
node/11778952349,KFC,,Кей Эф Си,фастфуд,Гюмри,,,https://www.kfc-armenia.com/,,https://www.facebook.com/KFC.Armenia,,,40.7898853,43.8463382
node/3721912748,KFC,KFC,Кей Эф Си,фастфуд,Ванадзор,Տիգրան Մեծի պողոտա 73,+374 60 50 05 05,https://www.kfc-armenia.com/,,https://www.facebook.com/KFC.Armenia,,,40.8088699,44.4929206
node/6414554049,Karo,,,фастфуд,Гюмри,Երևանյան խճուղի,,,,,,,40.7782906,43.8546738
way/1304682056,Lavor,,,фастфуд,Гюмри,,,,,,,,40.7883745,43.8409378
node/12023279233,M & S,,,фастфуд,Гюмри,,+374 94 646363,,,,,,40.8028321,43.8474266
node/14253286887,Me Gusta,,,фастфуд,Ванадзор,,,,,,,,40.8120761,44.4781038
way/610186229,Mr. Shaurma,,,фастфуд,Дилижан,Մաքսիմ Գորկու փողոց 7/8,+374 43 300800,,mr.shaurmadilijan,https://www.facebook.com/profile.php?id=100083225574274,,,40.7404024,44.8652639
node/11778958373,Mrs Gyros,Mrs Gyros,миссис гирос,фастфуд,Гюмри,,+374 77 25 06 03,,,,,,40.7875042,43.8399588
node/4603688496,Narek,,,фастфуд,Дилижан,,,,,,,,40.7530711,44.8921984
node/14175699993,Riviera,Riviera,Ривьера,фастфуд,Гюмри,,,,,,,,40.7918773,43.8471647
node/13968948204,Rolls,,,фастфуд,Дилижан,,,,,,,,40.7386695,44.868226
node/11063714061,Samoi Mot,,,фастфуд,Ванадзор,,,,,,,,40.8054214,44.5076479
node/9865975792,Shame Burgers,,,фастфуд,Дилижан,,+374 91 902095,,shame_dilijan_,,,,40.7386481,44.8656288
node/13064779064,ShaurmOK,,,фастфуд,Дилижан,,+374 91 212 515,,shaurmok_,https://www.facebook.com/p/Shaurmok-61577736277641/,,,40.7407339,44.8473212
node/11112330605,Shaurmix,,Шаурмикс,фастфуд,Гюмри,,,,,,,,40.7875356,43.8387606
way/1241459922,Shaurmyan,Shaurmyan,Шаурмян,фастфуд,Дилижан,Մյասնիկյան փողոց 32/2,,,shaurmyan,,paronshaurmyan,,40.7388954,44.8680536
node/14121849927,VIP Coffee,,,фастфуд,Ванадзор,,,,,,,,40.8082729,44.4947768
node/11778821052,gyros original,,,фастфуд,Гюмри,,+374 94 52 12 84,,,,,,40.8069841,43.8409412
node/11288119200,meat & beat,meat & beat,,фастфуд,Гюмри,,+374 44 65 65 55,https://mrbyte.am/Meat_&_Beat/menu/19,,,,,40.7871845,43.8584872
node/11340886369,shaurmania,shaurmania,Шаурмания,фастфуд,Гюмри,,,,,,,,40.8022389,43.8472705
way/1488950543,Шаурма Time,Shaurma Time,,фастфуд,Гюмри,,,,,,,,40.8120847,43.830749
way/1488957363,бистро,,бистро,фастфуд,Гюмри,,+374 95 48 82 88,,,,,,40.8076625,43.8322691
way/440553614,Աստերի,Asteri,Астери,фастфуд,Ванадзор,,,,,,,,40.8103474,44.4932209
node/12083600132,Դոդո Պիցցա,Dodo Pizza,Додо Пицца,фастфуд,Гюмри,,,https://dodopizza.am/,,,,,40.7872188,43.8448494
node/12246751749,Ժամհարովի մոտ,,,фастфуд,Ванадзор,,+374 77 202125,,,,,,40.8068099,44.4907256
way/1219871182,Լահմաջո,Lahmajo,,фастфуд,Ванадзор,,+374 95 220990,,,,,,40.8081026,44.4951082
node/11738310169,Համով Անկյուն,Tasty corner,Вкусный уголок,фастфуд,Дилижан,,+374 77 188299,,,,,,40.742946,44.8715086
node/11063714053,Մելմադի,,,фастфуд,Ванадзор,,,,,,,,40.7974501,44.5189347
node/12188205996,Շաուրմա + Pepsi,,,фастфуд,Ванадзор,,,,,,,,40.8103273,44.487398
node/10679331521,Պիրաժոկ,Pirajok,Пирожок,фастфуд,Ванадзор,Տիգրան Մեծի պողոտա 47/4g,+374 91 288286,,,,,,40.8109174,44.4865898
node/10735364987,Պիրաժոկ,Pirajok,Пирожок,фастфуд,Ванадзор,,+374 99 488788,,,,,,40.8139675,44.4871069
way/1193713701,Պիրաժոկ,Pirajok,Пирожок,фастфуд,Ванадзор,,,,,,,,40.8088611,44.4871341
node/6409851925,#1 Hostel,,,хостел,Гюмри,,,,,,,,40.7872114,43.8449041
node/11960803069,11+1 by TUMO,,,хостел,Дилижан,,+374 41 221112,,,,,11plus1@tumo.org,40.7435806,44.872304
way/626211226,Dilijan Hikers Hostel,,,хостел,Дилижан,Մյասնիկյան փողոց 46,+374 91 145741,https://www.dilijanhikershostel.com,dilijanhikershostel,,,dilijanhikershostel@gmail.com,40.7390095,44.8693963
way/293457934,La Casa Dilijan,,,хостел,Дилижан,Մաքսիմ Գորկու փողոց 10,+374 77 282826,,hostel_la_casa,https://www.facebook.com/p/Hostel-La-Casa-Dilijan-100094924683978/,,,40.7354129,44.8650416
node/5855774585,Lake Sevan Hostel,Lake Sevan Hostel,,хостел,Севан,Սարգիս Սևանեցի փողոց 17,+374 77 68 88 94,,,,,,40.5445855,44.9626557
node/7276209832,Lind Hostel,,,хостел,Гюмри,,,,,,,,40.7927017,43.8610725
way/1380045861,PPLS Rooms,,,хостел,Дилижан,Մյասնիկյան փողոց 142/3,,https://greenrock.am/project/ppls-rooms/,ppls.rooms,,Ppls_Dilijan,,40.7494042,44.8882052
way/293457948,Rossi Rest House,,,хостел,Дилижан,Մաքսիմ Գորկու փողոց 40,+374 91 748174,,rossiresthouse,rossiresthouse,,rossiresthouse@gmail.com,40.7379487,44.8647411
node/11677084402,Yeghegn Hotel,,,хостел,Ехегнадзор,,,,,,,,39.7590352,45.3347135
node/11063041005,Хостел,Aragats Hostel,,хостел,Гюмри,Սպանդարյան փողոց 24,+37495242525,,,,,,40.7844292,43.8435904
node/5807278353,Դրիմ հաուս և հոսթել,Dream House & Hostel,Дрим хостел,хостел,Севан,Գրիբոյեդովի փողոց 1,+37495222012,,,,,hayrumyan.sevak@mail.ru,40.5462976,44.9596467
node/6616788400,Հայի Տուն,Hay Home,,хостел,Ехегнадзор,Kamo 2 2,+374400368,,,,,,39.7678914,45.3361392
