osm_id,name,name_en,name_ru,category,city,street,phone,website,instagram,facebook,telegram,email,lat,lon,lead_type,score,problems
node/5217887268,"""Golden Apricot"" Hotel",,"Гостиница ""Золотой Абрикос""",отель,Гюмри,Գորկու փողոց 84/7,+374 312 6 37 77,,,,,,40.7864352,43.8545868,нет сайта,100,сайта нет
node/2399437841,"""MagHay B&B""",,,гостевой дом,Ванадзор,Ազատամարտիկների փուրակ 21,"+374 91 38 03 05,+374 77 79 40 29,+374 322 4 52 59",,,,,,40.805098,44.4926334,нет сайта,100,сайта нет
node/4144054089,"""Van"" Hotel",,,отель,Севан,,091346116,,,,,,40.5350981,44.9454944,нет сайта,100,сайта нет
way/293460521,3+2,,,гостевой дом,Дилижан,Գայի փողոց 34/1,+374 77 617465,,,,,,40.7520258,44.8925177,нет сайта,100,сайта нет
way/1473476930,A Frame Dili Lanj,,,гостевой дом,Дилижан,Այգեստանի 2-րդ նրբանցք 12-14,+374 55 132606,,a_frame_dililanj,,,,40.7498857,44.8314091,нет сайта,100,сайта нет
way/293458029,ART-ashes,,,гостевой дом,Дилижан,Շարամբերյան փողոց 8,+374 99 296060,https://www.airbnb.com.au/rooms/1645672993215622487,,,,,40.7395693,44.8688193,нет сайта,100,"своего сайта нет, вместо него ссылка на соцсеть/агрегатор"
way/293459554,Aniki-Tanuki,,,гостевой дом,Дилижан,Օրջոնիկիդզեի 1-ին նրբանցք 5Ա,,,anuki_tanuki_dilijan,,,,40.7458838,44.8792941,нет сайта,100,сайта нет
way/1469317992,Ara Cottage House,,,гостевой дом,Дилижан,Արցախի փողոց 1/3,+374 98 616100,,ara_cottage_house_dilijan,,,,40.7452189,44.8558572,нет сайта,100,сайта нет
way/528426886,Areguni,,,гостевой дом,Дилижан,Գետափնյա փողոց 68/5,+374 95 212390,,,https://www.facebook.com/profile.php?id=100056187286223,,,40.740069,44.848144,нет сайта,100,сайта нет
node/13475243836,Arevatun,,,отель,Дилижан,Անդրանիկի 2-րդ նրբանցք 2/1,+374 55 161655,https://airbnb.com/rooms/54359976,arevatun_dilijan,arevatunhotel,,arevatun5@gmail.com,40.7423242,44.8529836,нет сайта,100,"своего сайта нет, вместо него ссылка на соцсеть/агрегатор"
way/1537783057,Ariana Family,,,отель,Дилижан,Կամոյի փողոց 33,+374 91 519890,,arianadilijan,DilijanFamilyRest,,ariana.familyhotel@gmail.com,40.7240725,44.8640297,нет сайта,100,сайта нет
way/1473476934,Ariverev,,,гостевой дом,Дилижан,Այգեստանի 1-րդ նրբանցք 12/12,+374 99 939039,,ariverev_dilijan,,,,40.7519858,44.8328351,нет сайта,100,сайта нет
way/1551605757,Armenia B/B,,,гостевой дом,Дилижан,Միխայիլ Կալինինի փողոց 125Ա,+374 77 386339,,,BedandbreakfastAmalyaBandB125,,amalya.hakhverdyan@mail.ru,40.7393723,44.8520314,нет сайта,100,сайта нет
way/1550103090,Armenita,,,отель,Дилижан,Մաքսիմ Գորկու փողոց 29/41,+374 94 821010,,armenita_family_resort,https://www.facebook.com/profile.php?id=61576559064414,,,40.744904,44.860573,нет сайта,100,сайта нет
way/1478654335,Asine,,,гостевой дом,Дилижан,Գետափնյա փողոց 80/3,+374 93 890870,,,https://www.facebook.com/profile.php?id=100063908319460,,,40.7404672,44.8412571,нет сайта,100,сайта нет
node/10020947177,AuRoom,,,отель,Ванадзор,,+37443044011,,,,,,40.8112991,44.4993557,нет сайта,100,сайта нет
way/293458335,B&B Araz,,,гостевой дом,Дилижан,Անդրանիկի 2-րդ նրբանցք 7,+374 94140415,,nice.house.dilijan,,,,40.7424696,44.8541872,нет сайта,100,сайта нет
node/5026750321,B&B LUSYA,,,гостевой дом,Ехегнадзор,Խաչատրյան փողոց 28,+374 93 227991,,,,,,39.7725678,45.3285545,нет сайта,100,сайта нет
node/3666242229,B&B Yura,,,гостевой дом,Ехегнадзор,Spandaryan 45,+374 93 696942,,,,,,39.7718496,45.3292084,нет сайта,100,сайта нет
way/293447037,Bella Vista,,,гостевой дом,Дилижан,Կալինինի 2-ին նրբանցք 16,+374 94 533595,,,bella.guesthouse.dilijan,,,40.7418448,44.8458931,нет сайта,100,сайта нет
way/1450139725,Bond House Dilijan,,,отель,Дилижан,Կալինինի 4-րդ նրբանցք 21,+374 77 367007,,bondhouse_dilijan,https://www.facebook.com/p/Bond-House-Dilijan-61577048086567/,,bondhouse07007@gmail.com,40.7437333,44.8356252,нет сайта,100,сайта нет
way/293460603,Casa di Lasky,,,гостевой дом,Дилижан,Հովսեփյան փողոց 48,+374 93 046904,,casadelasky,https://www.facebook.com/profile.php?id=61580101312980,,laskysvetlana@gmail.com,40.7517963,44.8969962,нет сайта,100,сайта нет
way/293460549,Casanova Inn,,,отель,Дилижан,Հովսեփյան փողոց 63,+374 33 131300,,casanovainn,Casanovainnboutiquehotel,,casanovagh@yandex.ru,40.7525933,44.8967839,нет сайта,100,сайта нет
way/1532969270,Chalet Dilijan,,,отель,Дилижан,Սայաթ-Նովայի փողոց 63,+374 60 718080,,chalet.dilijan,Chaletdilijan,,Chaletdilijan@gmail.com,40.7496545,44.8757012,нет сайта,100,сайта нет
way/293458704,Chill House,,,гостевой дом,Дилижан,Զորավար Անդրանիկի փողոց 32,+374 94 003366,,chill_house_dilijan,ChillHouseDilijan,,,40.7427307,44.8571637,нет сайта,100,сайта нет
way/1450739182,Cottage Chalet And Tours,,,отель,Дилижан,Սարալանջ 4-ին նրբանցք 1,+374 77 590404,,hotel_chalet_and_tours,HotelChaletandTours,,grigashot@yandex.ru,40.7462616,44.8370984,нет сайта,100,сайта нет
way/1537679144,Cron Hotels Armenia,,,отель,Дилижан,Աբովյան փողոց 5,+374 33 235050,,,https://www.facebook.com/p/Cron-Hotels-Armenia-100090489669873/,,,40.7455296,44.8219617,нет сайта,100,сайта нет
way/1469318038,DN House,,,гостевой дом,Дилижан,Արցախի 4-րդ նրբանցք 1/1,+374 96 309999,https://airbnb.com/rooms/662942564280794225,dnhousedilijan,DNdilijanhouse,,,40.74689,44.853167,нет сайта,100,"своего сайта нет, вместо него ссылка на соцсеть/агрегатор"
way/293458435,Dil Hill by Sam,,,гостевой дом,Дилижан,Կալինինի 1-ին նրբանցք 90,+374 94 996699,,,dilhillguesthouse,,dilhill.bs@gmail.com,40.7415166,44.8556279,нет сайта,100,сайта нет
way/1537812066,Dilbo House,,,гостевой дом,Дилижан,Կամոյի 3-րդ նրբանցք 5,+374 93 969889,,dilbo.house.dilijan,,,,40.7232818,44.8524407,нет сайта,100,сайта нет
way/293447507,Dili Angeles,,,гостевой дом,Дилижан,Այգեստանի 2-րդ նրբանցք 12Ա,+374 91 767649,,dili.angeles,DiliAngelesGuestHouse,,dili.angeles@mail.ru,40.7503504,44.8319631,нет сайта,100,сайта нет
way/1450413767,Dili Drream,,,гостевой дом,Дилижан,Իվանովոյի փողոց 24/1,+374 41 535531,,dili.dream,,,,40.7428056,44.8531037,нет сайта,100,сайта нет
way/293446661,Dili Moon,,,гостевой дом,Дилижан,Միխայիլ Կալինինի փողոց 141,+374 43 110070,,dilimoon_dilijan,https://www.facebook.com/profile.php?id=61552640903258,,alaisedilijan@gmail.com,40.7400612,44.8494983,нет сайта,100,сайта нет
way/1105530732,Dili food,,,гостевой дом,Дилижан,Շահումյան փողոց 1/1,+374 94 587275,,,,,,40.750838,44.8874901,нет сайта,100,сайта нет
way/293460302,DiliGarden,,,гостевой дом,Дилижан,Սայաթ-Նովայի փողոց 70,+374 44 776080,,diligarden_,https://www.facebook.com/profile.php?id=100082822522928,,,40.7526093,44.8871853,нет сайта,100,сайта нет
way/1529689219,Diligence,,,отель,Дилижан,Սայաթ-Նովայի փողոց 69,+374 94 407761,,,diligencehotel,,dilijanshotel@mail.ru,40.7527848,44.8787271,нет сайта,100,сайта нет
way/1450977761,DilijAnYan,,,гостевой дом,Дилижан,Խորհուրդների փողոց 43/1,+374 95 044330,,,,,,40.7353396,44.8681473,нет сайта,100,сайта нет
way/1450407807,Dilijan Aqualin Villa,,,гостевой дом,Дилижан,Տիգրան Պետրոսյանի 1-ին նրբանցք 11,+374 44 930088,,dilijan_aqualin_villa,https://www.facebook.com/profile.php?id=61580384163512,,,40.7430176,44.8450325,нет сайта,100,сайта нет
way/1536782486,Dilijan Bellevue,,,отель,Дилижан,Սարալանջի 3-ին նրբանցք 9,+374 43 224393,,https://www.instagram.com/dilijan_bellevue,https://www.facebook.com/people/Family-Resort-Bellevue,,,40.7471439,44.8380039,нет сайта,100,сайта нет
way/293449642,Dilijan Boutique House,,,гостевой дом,Дилижан,Գետափնյա փողոց 26,+374 44 177899,,_dilijan_boutique_house,https://www.facebook.com/profile.php?id=61568315443007,,vikiruslani77@gmail.com,40.7389255,44.8504797,нет сайта,100,сайта нет
way/1311520620,Dilijan Gold Resort,,,гостевой дом,Дилижан,Սարի փողոց 9,+374 94 457484,,dilijangold._.resort,https://www.facebook.com/p/Dilijan-GOLD-resort-61553627525890/,,,40.7434207,44.8861047,нет сайта,100,сайта нет
way/1454514062,Dilijan Gold Resort 2,,,гостевой дом,Дилижан,Սարի փողոց 12/1,+374 94 457484,,dilijangold._.resort/,https://www.facebook.com/p/Dilijan-GOLD-resort-61553627525890/,,,40.7430204,44.8860777,нет сайта,100,сайта нет
way/1454514063,Dilijan Gold Resort 3,,,гостевой дом,Дилижан,Սարի փողոց 12/2,+374 94 457484,,dilijangold._.resort/,https://www.facebook.com/p/Dilijan-GOLD-resort-61553627525890/,,,40.7429643,44.8862299,нет сайта,100,сайта нет
way/1473476940,Dilijan Nature Cabin,,,гостевой дом,Дилижан,Շամախյան փողոց 150/1,+374 91 198568,,https://www.instagram.com/dilicabin/,https://www.facebook.com/profile.php?id=61555335207324,,dilicabin@gmail.com,40.7583968,44.8383175,нет сайта,100,сайта нет
way/293458011,Dilijan Old Center,,,отель,Дилижан,Մյասնիկյան փողոց 48,+374 94 247706,,,https://www.facebook.com/profile.php?id=100072058719530#,,khachatur.qocharyan@gmail.com,40.7392893,44.8694434,нет сайта,100,сайта нет
node/13484755649,Dilijan One,,,гостевой дом,Дилижан,,+374 77 722966,,dilijan_one_guesthouse,https://www.facebook.com/profile.php?id=100076274634450,,,40.742569,44.8522912,нет сайта,100,сайта нет
way/293460610,Dilijan Orran,,,гостевой дом,Дилижан,Հովսեփյան փողոց 26,+374 93 996055,,,https://www.facebook.com/p/Dilijan-orran-100057520236320/,,dilijanorran@gmail.com,40.7513525,44.8937889,нет сайта,100,сайта нет
way/1452473336,Ditaket Dilijan,,,гостевой дом,Дилижан,Մոլդովական փողոց 18,+374 99 202404,,ditaket_dilijan/,https://www.facebook.com/profile.php?id=61570462921721,,ditaketdilijan@gmail.com,40.7426674,44.8313671,нет сайта,100,сайта нет
node/14113418885,Doctor's House 42,,,гостевой дом,Дилижан,Գետափնյա փողոց 42,+374 95 550992,,doctors_house_dilijan,https://www.facebook.com/profile.php?id=61552514159998,,,40.7397011,44.8492177,нет сайта,100,сайта нет
node/10739508460,Down Town,,,гостевой дом,Ванадзор,,+374 77 020299,,,,,,40.8095589,44.4874267,нет сайта,100,сайта нет
way/727974056,Dream Home,,,гостевой дом,Ванадзор,Զորավար Անդրանիկի փողոց 11,+374 32249199,,,,,,40.8005823,44.4993159,нет сайта,100,сайта нет
way/1453352258,Eco Cottages,,,гостевой дом,Дилижан,Աթարբեկյան փողոց 7/2,+374 94 605665,,eco_cottages_by_dilijanvillas,https://www.facebook.com/profile.php?id=61576388097206,,,40.7474081,44.8785632,нет сайта,100,сайта нет
way/1105530731,Elka Cottage,,Ёлка Коттедж,гостевой дом,Дилижан,,+374099377070,,,,,,40.7521801,44.8888058,нет сайта,100,сайта нет
way/293458344,Family & Friends,,,гостевой дом,Дилижан,Անդրանիկի 1-ին նրբանցք 7,+374 77 010560,,,FFguesthouse,,Family.FriendsGH@gmail.com,40.74182,44.8543273,нет сайта,100,сайта нет
way/293459341,Fillijan_gallery,,,гостевой дом,Дилижан,Մյասնիկյան փողոց 93,+374 98 577775,,fillijan_gallery,https://www.facebook.com/profile.php?id=100086029610415,,aridilijan@gmail.com,40.7471716,44.8764744,нет сайта,100,сайта нет
way/293459650,Frangulyan Rest House,,,гостевой дом,Дилижан,Հակոբջանյան փողոցի 1-րդ նրբանցք 20Ա,+374 93 808270,,frangulyanrest,frangulyanresthouse,,frangulyanresthouse@outlook.com,40.7480271,44.8815702,нет сайта,100,сайта нет
node/3559888816,Gohar Guest House,,,гостевой дом,Ехегнадзор,Սպանդարյան փողոց 44,+374 93 826477,,,,,,39.7691394,45.329467,нет сайта,100,сайта нет
way/293449734,Gokor,,,гостевой дом,Дилижан,Միխայիլ Կալինինի փողոց 33,+374 96 962660,,,Gokor.Ghazaryan55,,emma.papyan@mail.ru,40.7396535,44.8604752,нет сайта,100,сайта нет
node/9874450547,Gor Guesthouse,,,гостевой дом,Дилижан,,+374 94 190212,,,,,,40.7411094,44.8434343,нет сайта,100,сайта нет
way/293458350,Green Dilijan B&B,Green Dilijan B&B,,гостевой дом,Дилижан,Անդրանիկի 2-րդ նրբանցք 13,+374 41 367778,,,,,,40.7424388,44.8548992,нет сайта,100,сайта нет
way/1551605758,Green Garden / Paloma Inn,,,гостевой дом,Дилижан,Գետափնյա փողոց 2,+374 94 636656,,green.garden.dilijan,https://www.facebook.com/profile.php?id=61561033626018,,,40.7386381,44.8528887,нет сайта,100,сайта нет
way/293458399,Green Park,,,гостевой дом,Дилижан,Կալինինի 1-ին նրբանցք 92,+374 98 681637,,,,,,40.7414445,44.8560365,нет сайта,100,сайта нет
node/5009958761,Guesthouse Nataly,,,гостевой дом,Ехегнадзор,,+374 94 979989,,,,,,39.7669415,45.3260378,нет сайта,100,сайта нет
way/1450770870,Home Jan Dilijan,,,гостевой дом,Дилижан,Սարալանջի 2-ին նրբանցք 23,+374 93 396292,,home_jan_dilijan,,,,40.7481191,44.8394373,нет сайта,100,сайта нет
node/4817862855,Hotel Gladzor,,,отель,Ехегнадзор,,"+374 281 2 51 65,+374 281 2 40 83",,,,,,39.7609012,45.3311932,нет сайта,100,сайта нет
way/1450770893,Jans,,,гостевой дом,Дилижан,Սարալանջի 9-րդ նրբանցք 15,+374 99 887709,,hotel_jans,,,,40.742786,44.8395101,нет сайта,100,сайта нет
way/293459263,Jermatun,,,гостевой дом,Дилижан,Օրջոնիկիդզեի 2-րդ նրբանցք 12,+374 41 252526,,jermatun,Jermatun,,jermatun@gmail.com,40.7458764,44.8814218,нет сайта,100,сайта нет
way/1531503921,Kambuz,,,отель,Севан,,+374 77 108064,,kambuzsevan,hotelkambuz,,reserve@sld-inc.com,40.5633806,45.0078826,нет сайта,100,сайта нет
way/1470361072,Kangar 37,,,гостевой дом,Дилижан,,+374 77 570402,,kangar37_,kangar37guesthouse,,,40.7537097,44.8393005,нет сайта,100,сайта нет
node/5026749917,Karine B&B,,,гостевой дом,Ехегнадзор,Սպանդարյան փողոց 66,+374 94 600647,,,,,mannnch@gmail.com,39.7714999,45.329504,нет сайта,100,сайта нет
way/293457809,Koriz Garden,,,отель,Дилижан,Կամոյի փողոց 73,+374 99 032388,,koriz_hotel_dilijan,korizgardenhotel,,korizyan@gmail.com,40.7226813,44.857614,нет сайта,100,сайта нет
node/10970762505,Kotun,,,гостевой дом,Гюмри,,,,kotungyumri,,,,40.7897784,43.8484289,нет сайта,100,сайта нет
way/1544737956,Lake Side,,,отель,Дилижан,Մաքսիմ Գորկու փողոց 13,+374 55 136136,,lakeside.dilijan,lakeside.dilijan,,,40.7379986,44.8634577,нет сайта,100,сайта нет
way/1536782487,Legato House,,,гостевой дом,Дилижан,Օրջոնիկիձեի 4-րդ նրբանցք 80/4,+374 91 353010,,,,,,40.7417394,44.878142,нет сайта,100,сайта нет
node/3559347394,Lilith b&b,,,гостевой дом,Ехегнадзор,,+374 94 338806,,,,,,39.7702243,45.3387855,нет сайта,100,сайта нет
node/10742950476,Lori,,,гостевой дом,Ванадзор,,+374 93 202055,,,,,lori.guest.house@mail.ru,40.8136198,44.480297,нет сайта,100,сайта нет
node/4384420793,MY HOME B&B,My Home B&B,,гостевой дом,Гюмри,sundukyan 172,093113376,,,,,artiomharoutunian@yahoo.com,40.7822334,43.8469438,нет сайта,100,сайта нет
way/1536383343,MaRu House,,,гостевой дом,Дилижан,Կամոյի փողոց 58,+374 96 520020,,maru_house_dilijan,https://www.facebook.com/profile.php?id=61554953057497,,,40.7230966,44.8560944,нет сайта,100,сайта нет
way/1450770806,Magic Dilijan,,,гостевой дом,Дилижан,Տիգրան Պետրոսյանի 3-րդ նրբանցք 8/1,+374 55 222527,,magic_dilijan,https://www.facebook.com/p/Magic-Dilijan-61555300416194/,,magicdilijan@gmail.com,40.7445895,44.8478241,нет сайта,100,сайта нет
way/293449829,Magnit B&B,,,гостевой дом,Дилижан,Միխայիլ Կալինինի փողոց 86,+374 93 22 47 25,,,,,,40.739895,44.8544258,нет сайта,100,сайта нет
way/293448981,Mer Toon,,,гостевой дом,Дилижан,Մյասնիկյան փողոց 145,+374 99 223060,,mer_toon_dilijan,https://www.facebook.com/profile.php?id=61558054272452,,,40.7516248,44.8851076,нет сайта,100,сайта нет
way/293449421,MilSar,,,гостевой дом,Дилижан,Շահումյանի 2-րդ նրբանցք 12,+374 96 909999,,milsar__guesthouse,,,,40.753727,44.8897487,нет сайта,100,сайта нет
way/1450770824,Miracle View,,,гостевой дом,Дилижан,Տիգրան Պետրոսյան փողոց 3/3,+374 99 663333,,dilijan_miracle_view,Miracle.View.Dilijan,,,40.7459105,44.8465745,нет сайта,100,сайта нет
way/1536366876,Noor Dilijan,,,гостевой дом,Дилижан,Աբովյան փողոց 3/2,+374 91 803090,,noordilijanguesthouse,https://www.facebook.com/profile.php?id=61577792322056,,dilijan.noor@gmail.com,40.7424454,44.8254515,нет сайта,100,сайта нет
way/729843677,Noy B&B,,,гостевой дом,Ванадзор,Չապաևի փողոց 3,+374 93 749702,,,,,,40.8044085,44.5097638,нет сайта,100,сайта нет
way/293459490,Nushka's Place,,,гостевой дом,Дилижан,Մանթաշյան փողոց 1Ա,+374 41 347194,,,nushkasplace,,nushkasplace@gmail.com,40.7458134,44.8734547,нет сайта,100,сайта нет
way/293459822,Ojakh,,,гостевой дом,Дилижан,Մյասնիկյանի 1-ին նրբանցք 5,+374 93 443582,,,,,,40.7515061,44.8821307,нет сайта,100,сайта нет
way/293458017,Old Dili,Old Dili,Старый Дили,гостевой дом,Дилижан,Շարամբերյան փողոց 10Ա,,,old_dili,,,,40.7397502,44.8694009,нет сайта,100,сайта нет
node/13484781156,One in Dilijan,,,гостевой дом,Дилижан,Այգեստանի փողոց 53,+374 99 872999,,one_in_dilijan,,,,40.75442,44.8342007,нет сайта,100,сайта нет
way/1537290553,Panorama Dilijan,,,гостевой дом,Дилижан,Միխայիլ Կալինինի փողոց 286,+374 98 324447,,panorama.dilijan,PanoramaDilijan,,panorama.dilijan@gmail.com,40.7411374,44.8310269,нет сайта,100,сайта нет
way/992323705,Paxlava,,,гостевой дом,Дилижан,Մյասնիկյան փողոց 33,+374 99 414555,,paxlavadilijan,paxlavadilijan,,info@pakhlava.am,40.7387683,44.8656251,нет сайта,100,сайта нет
way/293458027,Petit Dilijan,,,гостевой дом,Дилижан,Շարամբերյան փողոց 22,+374 55 192882,,guest_house_petit_dilijan,Petitdilijan,,,40.7398869,44.8684993,нет сайта,100,сайта нет
way/293458785,Popock,,,отель,Дилижан,Կալինինի 1-ին նրբանցք 12/1,+374 93 486882,,popock_dilijan,popockdilijan1,,art_guesthouse@yahoo.com,40.7408302,44.8574972,нет сайта,100,сайта нет
way/293449019,Pussy willow,,,гостевой дом,Дилижан,Ուսանողական փողոց 14,+374 43 112035,https://www.airbnb.com/rooms/1390419759762415558,,,,,40.7529387,44.8861647,нет сайта,100,"своего сайта нет, вместо него ссылка на соцсеть/агрегатор"
way/1551605764,Raisa,,,гостевой дом,Дилижан,Միխայիլ Կալինինի փողոց 11Ա,+374 99 094564,,,,,,40.7400661,44.8624195,нет сайта,100,сайта нет
way/1558582510,RedRose,,,гостевой дом,Дилижан,Միխայիլ Կալինինի փողոց 230,+374 77 462644,,,https://www.facebook.com/profile.php?id=100085071042809,,,40.741281,44.8399569,нет сайта,100,сайта нет
way/293449365,Rent House Dilijan,,,гостевой дом,Дилижан,Ուսանողական փողոց 10,+374 33 543 543,,renthouse_dilijan,renthousedilijan,,,40.7523566,44.8862786,нет сайта,100,сайта нет
way/293460262,Reserve Dilijan,,,гостевой дом,Дилижан,Սայաթ-Նովայի փողոց 85,+374 91 33 55 60,,https://www.instagram.com/reservedilijan,,,reservedilijan@gmail.com,40.7559302,44.8884295,нет сайта,100,сайта нет
way/293458956,Roses,,,гостевой дом,Дилижан,26 Կոմիսարների փողոց 30,+374 91 278789,,guest_house_in_dilijan,https://www.facebook.com/profile.php?id=100063554172069,,,40.7452181,44.8720558,нет сайта,100,сайта нет
way/1536383345,Royal Rest,,,отель,Дилижан,Շարամբերյան փողոց 42/2,+374 93 010355,,royalrestdilijan,Royalrestdilijan1,,,40.7402962,44.8687168,нет сайта,100,сайта нет
node/3559932601,Ruzan b&b,,,гостевой дом,Ехегнадзор,,+374 94 692363,,,,,,39.770625,45.3277368,нет сайта,100,сайта нет
node/13074857554,SD House,,,гостевой дом,Дилижан,,+374 99 718719,,,https://www.facebook.com/profile.php?id=61553947749371,,,40.7510939,44.8847932,нет сайта,100,сайта нет
way/1452473360,Saralanj Family House,,,гостевой дом,Дилижан,Սարալանջի 6-րդ նրբանցք 25,,,saralanj_familyhouse,https://www.facebook.com/profile.php?id=61571418729071,,,40.7454475,44.8407596,нет сайта,100,сайта нет
way/1551625591,Sayat-Nova,,,отель,Дилижан,Սայաթ-Նովայի փողոց 131,+374 95 131173,,,SayatNovaDilijan,,manavaanna76@gmail.com,40.7564804,44.8933739,нет сайта,100,сайта нет
way/1531503925,Sevan 3,,,отель,Севан,,055859575,,,,,,40.5640942,45.0009493,нет сайта,100,сайта нет
way/1536782485,Shamakhyan 10/3,,,гостевой дом,Дилижан,Շամախյան փողոց 10/3,+374 55 888815,,,https://www.facebook.com/profile.php?id=100057044546613,,sagabalyan.g@yandex.ru,40.7483893,44.8458372,нет сайта,100,сайта нет
way/520510157,Shamoni,,,гостевой дом,Дилижан,Խորհուրդների փողոց 37/3,+37477795201,,shamonidilijan,shamonidilijan,,,40.7341928,44.870051,нет сайта,100,сайта нет
node/4817863219,Shushan B&B,,,гостевой дом,Ехегнадзор,Andranik Street 8,+374 77072341,,,https://www.facebook.com/shushanbnb/,,,39.7569434,45.3342507,нет сайта,100,сайта нет
way/293449405,Sunny Lodge Dilijan,,,гостевой дом,Дилижан,Շահումյանի 1-րդ նրբանցք 2/1,+374 99 486065,,lodge.sunny,https://www.facebook.com/profile.php?id=100095649337234,,sunnylodgedilijan@gmail.com,40.7527213,44.8890124,нет сайта,100,сайта нет
way/1450770825,Swiss House,,,гостевой дом,Дилижан,Տիգրան Պետրոսյանի 3-րդ նրբանցք 1,+374 55 833311,https://airbnb.com/rooms/1135569329484058355,_swisshousedilijan_,https://www.facebook.com/p/Swiss-House-Dilijan-61558604737903/,,,40.7461095,44.8467961,нет сайта,100,"своего сайта нет, вместо него ссылка на соцсеть/агрегатор"
way/1450770823,Tanik Dilijan,,,гостевой дом,Дилижан,Տիգրան Պետրոսյան փողոց 2/2,+374 93 703553,,tanik.dilijan,https://www.facebook.com/profile.php?id=61567131394990,,tanikguesthouse@gmail.com,40.7457991,44.8468921,нет сайта,100,сайта нет
way/1470361065,Thalia Garden,,,гостевой дом,Дилижан,Թումանյան փողոց 18Թ,+374 77 055830,,thalia__garden_dilijan,https://www.facebook.com/profile.php?id=61577157443823,,,40.7536774,44.8379471,нет сайта,100,сайта нет
way/293449219,The Nest,,,гостевой дом,Дилижан,Վախթանգ Անանյան փողոց 37,,https://www.airbnb.ie/rooms/1515284648186377273,,https://www.facebook.com/profile.php?id=61554758395373#,,,40.7572774,44.837698,нет сайта,100,"своего сайта нет, вместо него ссылка на соцсеть/агрегатор"
node/12895401302,Tiroent's,,,гостевой дом,Гюмри,Ղորղանյան փողոց 190/1,094712024,,,,,,40.7897295,43.8399106,нет сайта,100,сайта нет
way/1467127158,Tkhil,,,гостевой дом,Дилижан,Միխայիլ Կալինինի փողոց 96/1,+374 33 099920,https://airbnb.com/rooms/1379945964115851758,tkhil_boutique_hotel,,,,40.7403235,44.8539121,нет сайта,100,"своего сайта нет, вместо него ссылка на соцсеть/агрегатор"
way/1453352254,Tom's Houses,,,отель,Дилижан,Կամարինի փողոց 29/1,+374 94 787984,https://www.airbnb.com/rooms/1204151078267396549,tomshouses,https://www.facebook.com/profile.php?id=100085287764710,,,40.7417028,44.8758502,нет сайта,100,"своего сайта нет, вместо него ссылка на соцсеть/агрегатор"
way/1469318017,UNO-Dili,,,гостевой дом,Дилижан,Արցախի 2-րդ նրբանցք 15,+374 77 110853,,,,,,40.7450168,44.8549551,нет сайта,100,сайта нет
node/9859762076,USSR Guesthouseuss,,,гостевой дом,Севан,Syunyats Street 6,+374 98 697759,,,,,,40.5489061,44.9589407,нет сайта,100,сайта нет
way/1536782491,Vardazarians,,,гостевой дом,Дилижан,26 Կոմիսարների փողոց 24,+374 55 666009,,guesthouse_v_dilijan,https://www.facebook.com/profile.php?id=100052680956629,,davidvardazarian@gmail.com,40.7448151,44.87299,нет сайта,100,сайта нет
way/520524597,Verev,,,гостевой дом,Дилижан,Անդրանիկի 1-ին նրբանցք 34,+374 77 300892,,,,,,40.7430204,44.8593316,нет сайта,100,сайта нет
node/13300645622,Verinn Apart Hotel,,,отель,Дилижан,,+374 98 244 422,,verinn.apart.hotel,,verinn_apart,,40.7407237,44.8394938,нет сайта,100,сайта нет
way/1450770846,Villa Bianca,,,гостевой дом,Дилижан,Տիգրան Պետրոսյանի 1-ին նրբանցք 31,+374 55 888798,,villabianca_dilijan,myhobby.am,,myhobby.am@gmail.com,40.7434854,44.8442395,нет сайта,100,сайта нет
node/13609204978,White Hotel,,,отель,Гюмри,,+374 77 16 15 91,https://www.facebook.com/people/WHITE-HOTEL/100095178164643/,,,,,40.7979623,43.8551385,нет сайта,100,"своего сайта нет, вместо него ссылка на соцсеть/агрегатор"
node/3559347398,Yegegnadzor b&b network,,,гостевой дом,Ехегнадзор,,+374 77 024837,,,,,,39.7726673,45.3277114,нет сайта,100,сайта нет
node/11497084269,Гостиница LOUVRE hotel,,,отель,Севан,Սայաթ Նովա փողոց 20,+37491980222,https://www.instagram.com/louvrehomesevan?igsh=cHRkbjE2aDc5cnpl&utm_source=qr,,,,,40.5437346,44.957081,нет сайта,100,"своего сайта нет, вместо него ссылка на соцсеть/агрегатор"
node/2384776464,Гостиница Воскеблюр,,,отель,Гюмри,,077646494??0312 58124,,,,,Voskeblur@mail.ru,40.7844679,43.8289691,нет сайта,100,сайта нет
way/1312052547,Անար,Anar,,гостевой дом,Ванадзор,,+374 93 761177,,,,,,40.8098722,44.4822516,нет сайта,100,сайта нет
way/521734306,Աշոտ Երկաթ,Ashot Erkat,Ашот Еркат,отель,Севан,,+374 33 500043,,ashoterkatrestaurant,ashoterkat.am,,ashoterkat@inbox.ru,40.5640011,45.0092536,нет сайта,100,сайта нет
way/293461556,Արամի,Arami House,Арами,гостевой дом,Дилижан,Կամոյի փողոց 34/1,+374 55 100133,,,,,tikodilij@mail.ru,40.723614,44.8583026,нет сайта,100,сайта нет
way/217724411,Արգիշտի հյուրանոց,Argishti,,отель,Ванадзор,,+37432242556,,,,,,40.8145464,44.4813783,нет сайта,100,сайта нет
node/4257825489,Բեղլու,Bexlu,Bexlu,отель,Севан,M-4 Սեվան Լճափ 1,+37493900036,,,,,,40.5537621,44.9874967,нет сайта,100,сайта нет
way/414093528,Գյումրի հյուրանոց,"""Gyumri"" Hotel","Гостиница ""Гюмри""",отель,Гюмри,Գարեգին Նժդեհի պողոտա 5/10,"+374 312 3 94 44, +374 93 41 67 00",,,,,,40.801058,43.8478846,нет сайта,100,сайта нет
way/190112247,Գուգարք,Gugarq,Гугарк,отель,Ванадзор,Տիգրան Մեծի պողոտա 20/1Ա,"+374 322 4 15 19,+374 93 38 78 65",,,,,,40.8111093,44.4841521,нет сайта,100,сайта нет
way/1532969268,ԳրինՎուդ,GreenWood,,отель,Дилижан,Սայաթ-Նովայի փողոց 50,+374 93 416811,,,GreenWoodDilijanHotel,,dghyak.dilijan@gmail.com,40.7512623,44.8780798,нет сайта,100,сайта нет
way/1531233379,Գրողների հանգստյան տուն,Writres Rest House,Дом отдыха писателей,отель,Севан,Ձկնորսների փողոց 7,+374 93 306904,,sevanwritershouse,sevanwritershouse,,,40.5627635,45.0123985,нет сайта,100,сайта нет
way/1537679140,Դարավանդ,Daravand,Дараванд,гостевой дом,Дилижан,Աբովյան փողոց 46,+374 91 420965,,daravandarmenia,daravandarmenia,,daravandguesthouse@gmail.com,40.7456678,44.8230438,нет сайта,100,сайта нет
node/6132043586,Թոմուս,Tomu’s Hotel,Томус,отель,Гюмри,Գորկու փողոց 58,+374 77 42 43 41,https://www.tomus-hotel.business.site/,,,,bookingtomushotel@gmail.com,40.7870021,43.8471798,устаревший сайт,100,"сайт на Google business.site, Google отключил такие сайты в 2024: ссылка ведёт в пустоту"
node/5300375920,Կամա,"""Kama"" Hotel","Гостиница ""Кама""",отель,Гюмри,,"+374 55 30 12 08, +374 312 3 07 77",,,,,,40.8042318,43.8485472,нет сайта,100,сайта нет
way/293447247,Կիրովի տուն,Kirovi tun,дом Кирова,гостевой дом,Дилижан,Կալինինի 4-րդ նրբանցք 14/3,+374 98 444409,,,kirovi.tun,,kirovitun@gmail.com,40.7420637,44.8382029,нет сайта,100,сайта нет
way/1531503990,Հակոբի մոտ,Hakobi Mot,Акоби Мот,отель,Севан,,+374 96 212127,,,https://www.facebook.com/profile.php?id=100066452149901#,,,40.5672653,45.001479,нет сайта,100,сайта нет
node/14100641712,Հերմես,Hermes,,отель,Ванадзор,,+374 55 500047,,,,,,40.8116513,44.4933549,нет сайта,100,сайта нет
way/293459051,Մացակ և Մեսրոպ,Matsak & Mesrop,Мацак и Месроп,гостевой дом,Дилижан,Կամարինի փողոց 11,+374 94 698949,,guest.house.dilijan,https://www.facebook.com/profile.php?id=61565812388763,,mmguesthousedilijan@gmail.com,40.7426684,44.8740279,нет сайта,100,сайта нет
way/1537747650,Միմինո,Mimino,Мимино,отель,Дилижан,Միխայիլ Կալինինի փողոց 250,+374 94 046011,,mimino.hotel,hotelmimino,,,40.7416285,44.8376035,нет сайта,100,сайта нет
node/7600543685,Յասաման Սևան,Yasaman Sevan,,отель,Севан,M-4,+37498014052,,,,,,40.5795949,44.9917145,нет сайта,100,сайта нет
node/12259245065,Նուռ,Nur,,гостевой дом,Гюмри,,+374 77 282885,,,https://www.facebook.com/NURGuestHouse22/,,,40.7846457,43.8385099,нет сайта,100,сайта нет
way/458850708,Նռան հատիկ,Nran hatik,Нран хатик,гостевой дом,Дилижан,Մյասնիկյան փողոց 12/3,+374 93 697858,,nranhatik_hotel_,,,,40.7343004,44.8669921,нет сайта,100,сайта нет
way/1529689218,Ռեստ Լենդ հյուրատուն,Rest Land Dilijan,Рест Ленд Дилиджан,гостевой дом,Дилижан,Սայաթ-Նովայի փողոց 69Բ,+374 43 104646,,restland_dilijan_family_hotel,rldilijanhotel,,dilijanreservation@gmail.com,40.7540291,44.8800406,нет сайта,100,сайта нет
way/293461564,Սենո,Seno,Сено,гостевой дом,Дилижан,Մյասնիկյան փողոց 33/1,+374 93 758595,,,,,,40.7385948,44.8655032,нет сайта,100,сайта нет
node/5305285990,Վանատուր,"""Vanatur"" Hotel","""Ванатур"" Гостиница",отель,Гюмри,Գորկու փողոց 70,"+374 312 5 04 64, +374 312 5 01 92",,,,,,40.7868169,43.8497319,нет сайта,100,сайта нет
way/1469328975,հանգիստ անկյուն,Quiet Corner,Тихий уголок,гостевой дом,Дилижан,Զորավար Անդրանիկի փողոց 39/1,+374 77 999808,,,hangist.ankyun.hyuratun.dilijan,,,40.7430468,44.8585059,нет сайта,100,сайта нет
way/1450139727,Իքս,Hotel X,Икс,отель,Дилижан,Սարալանջի 2-րդ նրբանցք 2/1,+374 99 248080,https://booking-115519.agast.ru/booking/rooms,,,,x25art@gmail.com,40.7470694,44.8365838,устаревший сайт,90,сертификат HTTPS сломан (браузер пугает посетителей)
way/1537800642,Սոճի,Sochi / Pine,Сочи / Сосна,гостевой дом,Дилижан,Կամոյի փողոց 18/2,+374 93 697858,https://sochiguesthouse.com,,Sochiguesthouse,,,40.7251164,44.8625441,устаревший сайт,50,"не адаптирован под телефон (нет viewport); похоже, только один язык (туристы не поймут); нет кликабельного телефона/мессенджера; нет онлайн-брони/заказа"
node/5217867200,"""Voske Tslik""",,шашлычный двор,ресторан,Гюмри,,+374 312 5 99 99,,,,,,40.7962247,43.8470223,нет сайта,100,сайта нет
node/9879631007,Arm Food Lab,,,кафе,Дилижан,,+374 91 073733,,armfoodlab,,,,40.7499941,44.8876043,нет сайта,100,сайта нет
node/14098661666,Armenita,,,ресторан,Дилижан,Մաքսիմ Գորկու փողոց 29/41,+374 94 821010,,dilijanvillas_armenita,,,,40.7447679,44.8606167,нет сайта,100,сайта нет
way/550216460,Bohem Studio-Teahouse,,,кафе,Севан,Սայաթ Նովա փողոց 16/13,+37455662119,,,@bohemsevan,,,40.5433417,44.95787,нет сайта,100,сайта нет
way/1536028556,Cabinet,,,ресторан,Дилижан,Մաքսիմ Գորկու փողոց 3/2,+374 44 774433,,cabinet.dilijan,,,,40.7370538,44.863209,нет сайта,100,сайта нет
way/447632351,Cafe #2,,,кафе,Дилижан,Մաքսիմ Գորկու փողոց 17/1,+374 60 700805,,cafe_numbertwo,Cafenumber2,,Info@cafe2.am,40.7394662,44.8648774,нет сайта,100,сайта нет
node/12174742622,Café Mood,,,кафе,Ехегнадзор,,+37441780790,,,,,,39.7623178,45.3319251,нет сайта,100,сайта нет
node/13865581811,Cemi,,,кафе,Дилижан,,,,cemi_by_apicius,,,,40.7403737,44.8639628,нет сайта,100,сайта нет
node/13894484010,Conservatory,Conservatory,,кафе,Дилижан,Շարամբերյան փողոց 10,,,conservatory.dilijan,,,,40.7396114,44.8689843,нет сайта,100,сайта нет
node/5217720423,Cruise,,,ресторан,Гюмри,Haghtanaki Ave 2,+374 95 50 11 33,,,https://www.facebook.com/Cruise-%D4%BF%D6%80%D5%B8%D6%82%D5%AB%D5%A6-479920392190304/,,,40.7871157,43.8453269,нет сайта,100,сайта нет
node/12766613350,Dili JanPizza,,,ресторан,Дилижан,Մյասնիկյան փողոց 48,+374 77 617166,,dili_janpizza,DiliJanPizza,,,40.739319,44.8693874,нет сайта,100,сайта нет
way/1478664594,Dilijan Resort,,,ресторан,Дилижан,,+374 55 047755,,,,,,40.7391797,44.8416598,нет сайта,100,сайта нет
node/3721929028,Edem,,,ресторан,Ванадзор,,+374 99 07 35 55,,,,,,40.8140074,44.5073274,нет сайта,100,сайта нет
way/496890725,Hatsi,,,ресторан,Дилижан,Մյասնիկյան փողոց 37/3,+374 33 305555,,hatsi.restaurant,hatsi.restaurant,,hatsi.rest@gmail.com,40.7390925,44.8665982,нет сайта,100,сайта нет
node/14030715180,Haveli,,,ресторан,Дилижан,,+374 93 891027,,haveli_indian.restaurant,,,,40.7396484,44.8675297,нет сайта,100,сайта нет
way/1537825145,Imtoon Gastroliving,,,ресторан,Дилижан,Շահումյան փողոց 1,+374 55 561354,,imtoondilijan,ImToonDilijan,,Imtoon.dilijan@gmail.com,40.7513635,44.8876006,нет сайта,100,сайта нет
node/8252140223,Inferis,,,ресторан,Гюмри,Խրիմյան Հայրիկ խճուղի 46/3,+37494000195,,,,,,40.7969281,43.8534647,нет сайта,100,сайта нет
node/13998432252,Ivani,,,ресторан,Дилижан,,+374 95 013013,,ivanirestaurant,,,,40.7525653,44.8965879,нет сайта,100,сайта нет
way/1381532621,Kanach Terev,Kanach Terev,Канач Терев,ресторан,Дилижан,Միխայիլ Կալինինի փողոց 196Ա,+374 98 798939,https://t.me/Kanach_terev,kanach_terev_dilijan,https://www.facebook.com/profile.php?id=100069835389715,Kanach_terev,kanach.terev.dilijan@gmail.com,40.7410467,44.843375,нет сайта,100,"своего сайта нет, вместо него ссылка на соцсеть/агрегатор"
node/9962211114,LOFT Vanadzor,,,кафе,Ванадзор,Տիգրան Մեծի պողոտա 24,,https://www.facebook.com/LoftVanadzor/,,,,,40.8102735,44.4875118,нет сайта,100,"своего сайта нет, вместо него ссылка на соцсеть/агрегатор"
node/5815864253,Le Petit Cafe,,,ресторан,Севан,,+374 93 33 45 53,,,,,,40.5473535,44.9571786,нет сайта,100,сайта нет
way/458723804,Little Dili,,,ресторан,Дилижан,Մաքսիմ Գորկու փողոց 48/5,+374 77 100096,,,,,,40.7393278,44.8653974,нет сайта,100,сайта нет
way/1147752738,MASOOR family Restaurant,,Masoor семейный ресторан,ресторан,Ванадзор,Վարդանանց փողոց 19-2,+374 60 515515,,masoorfamilyrestaurant,MasoorFamilyRestaurant,,masoorfamilyrestaurant@gmail.com,40.8099427,44.4852972,нет сайта,100,сайта нет
node/10737676385,Madera,,,кафе,Ванадзор,,+374 98 822234,,,,,,40.8102931,44.4954013,нет сайта,100,сайта нет
node/14084214213,Mame Bakery,,,кафе,Дилижан,,+374 33 058888,,bakerymame,https://www.facebook.com/profile.php?id=61590786352563,,,40.7439678,44.8814529,нет сайта,100,сайта нет
node/9088112017,Merhatsy,Merhatsy,,ресторан,Гюмри,,+37444200301,,,,,,40.7874791,43.8382908,нет сайта,100,сайта нет
node/10948699072,Mirans,,,ресторан,Севан,,"+374 96 67 70 67, +374 94 67 70 67",,,,,,40.5485465,44.9584332,нет сайта,100,сайта нет
node/13951713823,Monet,,,ресторан,Дилижан,,+374 41 999052,,monet_restaurant,,,,40.7441172,44.8291289,нет сайта,100,сайта нет
node/13596066215,Muraz,,,ресторан,Дилижан,,+374 77 707059,,murazdilijan,https://www.facebook.com/p/Muraz-Cafe-Cocktail-Bar-61578869972963/,murazcafe,murazcafecocktailbar@outlook.com,40.7384897,44.8656889,нет сайта,100,сайта нет
node/9909927073,Orsetto,,,ресторан,Севан,,+37498800037,,orsetto_sevan,Orsetto,,,40.5370577,44.9635635,нет сайта,100,сайта нет
way/1475380748,Picasso,,,кафе,Дилижан,Միխայիլ Կալինինի փողոց 220/1,+374 91 999780,,picasso.cafe_dilijan,https://www.facebook.com/profile.php?id=61573601336611,,,40.7410695,44.8408292,нет сайта,100,сайта нет
way/1375269122,Piccola,,,кафе,Дилижан,Մյասնիկյան փողոց 32/3,+374 44 621112,,piccola_dilijan,,,,40.738932,44.8682597,нет сайта,100,сайта нет
node/11869064519,Poodle Coffee,,,кафе,Ванадзор,,,,https://www.instagram.com/poodle__coffee/,,,,40.8060819,44.4907823,нет сайта,100,сайта нет
way/1532969269,Red forest,,,ресторан,Дилижан,Սայաթ-Նովայի փողոց 46,+374 99 466046,,ed_forest_dilijan,https://www.facebook.com/profile.php?id=61577634508055,,,40.7504106,44.8774248,нет сайта,100,сайта нет
way/1490324570,Rolls,,,кафе,Дилижан,Մյասնիկյան փողոց 32/2,+374 99 800880,,rolls__rolls,https://www.facebook.com/profile.php?id=61574969116639,,rollsevn@gmail.com,40.7386776,44.8682735,нет сайта,100,сайта нет
node/14015667813,Route 66,,,кафе,Гюмри,,,,route66gyumri,,,,40.7863921,43.8412289,нет сайта,100,сайта нет
node/10771633614,Shamam's Macarons,,,кафе,Ванадзор,Մյասնիկյան փողոց,+37493788083,,shamams_macarons,shamamsmacaroons,,shamamkhachatryan34@gmail.com,40.8059852,44.4907263,нет сайта,100,сайта нет
node/7041935955,Shara,,,ресторан,Гюмри,Գարեգին Նժդեհի պողոտա 1/5,+374 312 3 55 63,,,https://www.facebook.com/sharagyumri/,,,40.802732,43.8484053,нет сайта,100,сайта нет
node/13241125411,Takhta,,,ресторан,Дилижан,,,,takhta_rest,,,,40.7439243,44.8820731,нет сайта,100,сайта нет
way/1167592427,The Boo Park Cafe,The Boo Park Cafe,,кафе,Ванадзор,90/2,+37433808069,,,theboocafe,,,40.8008398,44.4826413,нет сайта,100,сайта нет
node/13993772331,The Place,,,ресторан,Дилижан,,+374 55 136136,,theplace.dilijan,,,,40.7379127,44.8635112,нет сайта,100,сайта нет
way/520524591,The Spot & Dili Deli BBQ,,,кафе,Дилижан,Գետափնյա փողոց 10/1,+374 93 623275,https://t.me/the_spot_dilijan,the.spot.dilijan,,,,40.7385139,44.8537276,нет сайта,100,"своего сайта нет, вместо него ссылка на соцсеть/агрегатор"
node/11005548999,barev cafe,,,ресторан,Севан,,+374 93 50 08 16,,,,,,40.5472173,44.9571995,нет сайта,100,сайта нет
node/11228704801,maki sushi,maki sushi,маки суши,ресторан,Гюмри,,"+374 93 99 11 39, +374 55 99 11 39",,,,,,40.8019353,43.8341033,нет сайта,100,сайта нет
node/11343561722,tokyo,tokyo,Токио,ресторан,Гюмри,,,https://www.instagram.com/tokyo_gyumri,,,,,40.7870305,43.851149,нет сайта,100,"своего сайта нет, вместо него ссылка на соцсеть/агрегатор"
node/6425097660,Արեգակ,Aregak,Арегак,кафе,Гюмри,Աբովյան փողոց,+374 98 441088,,,https://www.facebook.com/AregakBakery/,,,40.7861588,43.8409795,нет сайта,100,сайта нет
node/2957860709,Բիստրո,,,ресторан,Гюмри,Խրիմյան Հայրիկ խճուղի 6/13,+(374)312-3-83-83,,,,,,40.8048228,43.8659533,нет сайта,100,сайта нет
way/1517431606,Բոլորս,Bolors,Болорс,кафе,Дилижан,Միխայիլ Կալինինի փողոց 114,+374 94 989622,,bolorscafe,,bolorscafe,,40.7399052,44.8526956,нет сайта,100,сайта нет
way/1531233377,Գրողների հանգստյան տան ռեստորան,Canteen of Writres Rest House,Столовая Дом писателей,ресторан,Севан,Ձկնորսների փողոց 7/1,+374 95 75 00 03,,,,,,40.5627711,45.0120007,нет сайта,100,сайта нет
way/1546946027,Դիլի Ձոր,Dili Dzor,Дили Дзор,ресторан,Дилижан,Պարզ լիճ 69/1,+374 93 025752,,dili_dzor/,dilidzor,,,40.7574489,44.9075491,нет сайта,100,сайта нет
way/1531503909,Իշխան,Ishkhan,Ишхан,ресторан,Севан,,+374 93 616655,,sevan.ishxan.loxap.terakxzi,,,,40.5627413,45.0105677,нет сайта,100,сайта нет
way/1532239119,Լուսաբաց,Lusabac,Лусабац,ресторан,Севан,,+374 99 106031,,lusabac_loxap_restaurant,LusabacBeachRestaurant,,,40.5630714,45.00939,нет сайта,100,сайта нет
way/524666718,Խարիսխ,Kharkish,Якорь,ресторан,Севан,,+37477803135,,,,,,40.5681326,44.9998566,нет сайта,100,сайта нет
way/1536028561,Կեր ու Սուս,Ker u Sus,Кер у Сус,ресторан,Дилижан,Մյասնիկյան փողոց 28/5,+37443751028,,kerusus_dilijan,kerususdilijan,,,40.73849,44.8673137,нет сайта,100,сайта нет
node/10575730542,Կտոր Մը պանդոկ,Ktor M tavern,Ктор М таверна,ресторан,Гюмри,Գայի փողոց 14,+37477895008,https://www.facebook.com/ktormGyumri/,,,,ktormgyumri@gmail.com,40.7858317,43.8404582,нет сайта,100,"своего сайта нет, вместо него ссылка на соцсеть/агрегатор"
way/992323708,Հայեցի,Hayetsi,Айеци,ресторан,Севан,Ձկնորսների փողոց,+374 93 576399,,hayetsi_restaurant,,,,40.5637076,45.0089459,нет сайта,100,сайта нет
way/1458668761,Մարսել,Marsel,,ресторан,Ванадзор,Ուսանողական փողոց 2,,,,https://www.facebook.com/marselrestoranayinhamalir,,,40.8020146,44.518992,нет сайта,100,сайта нет
way/1475380740,Մշո Տուն,Msho Tun,Мшо Тун,кафе,Дилижан,Միխայիլ Կալինինի փողոց 234/1,+374 77 445063,,,,,,40.7411382,44.8395713,нет сайта,100,сайта нет
node/7600543686,Յասաման Սևան,Yasaman Sevan,,ресторан,Севан,M-4,+37498014052,,,,,,40.5796251,44.9915682,нет сайта,100,сайта нет
way/1037156579,Նաիրի,Nairi,,ресторан,Ванадзор,Զորավար Անդրանիկի փողոց 36,+374 96 630333,,,,,,40.7971902,44.5037902,нет сайта,100,сайта нет
node/14016965393,Շիրազ,Sheeraz,,ресторан,Гюмри,,,,sheerazgyumri,,,,40.7875991,43.8410924,нет сайта,100,сайта нет
node/1362152472,Չերքեզի ձոր,Cherkezi Dzor,,ресторан,Гюмри,,+374 312 65559,http://www.gyumrifish.am,,,,red-fort@mail.ru,40.7975849,43.8278936,устаревший сайт,100,домен не работает (не продлён или не настроен)
node/6911956529,Չիչխան,Chichkhan,Чичхан,кафе,Гюмри,Գայի փողոց 2,+374 33 668998,,chichkhan_gyumri,share/1BkCJ1xW5n,,,40.7863991,43.8386927,нет сайта,100,сайта нет
way/430489578,Պիանո,Piano,Пиано,кафе,Гюмри,Абовян ул.,+374 93 90 16 66,,,,,,40.7834001,43.8406039,нет сайта,100,сайта нет
node/5139143022,Ռոբս հոմ,Rob's home,Робс хом,кафе,Гюмри,,+37477198917,,,,,,40.7938858,43.8468281,нет сайта,100,сайта нет
way/1545625167,Սեմոյի մոտ / Կոլլետ,Semoyi mot / Collette,У Сэмо / Коллет,ресторан,Севан,,+374 41 778899,,semoyimot_restaurant,,,,40.5872649,44.9727155,нет сайта,100,сайта нет
node/3222853653,Վանատուր,"""Vanatur"" Restaurant","""Ванатур""",ресторан,Гюмри,,"+374 312 5 07 14, +374 312 5 01 92",,,,,,40.7867773,43.85001,нет сайта,100,сайта нет
node/11195477737,Վարդգեսի մոտ,At Vardges,У Вардгеса,ресторан,Севан,Սայաթ Նովա փողոց 10/30,+374 55 616060,,,,,vardanzakar.79@gmail.com,40.5484772,44.957025,нет сайта,100,сайта нет
way/293458901,Տուն Արմենի,Toon Armeni,Тун Армени,ресторан,Дилижан,Կամարինի փողոց 4,+374 98 787899,,,ToonArmeni,,info@toonarmeni.am,40.7425095,44.8730068,нет сайта,100,сайта нет
way/1551605763,Քարահուջ,Carahunge,Караундж,ресторан,Дилижан,Միխայիլ Կալինինի փողոց 25,+374 43 220003,,carahunge_dilijan,CarahungeDilijan,,,40.7397531,44.8610709,нет сайта,100,сайта нет
node/5217720002,Ֆայտոն,"""Faeton""","""Фаэтон""",ресторан,Гюмри,,+374 98 10 20 10,,,,,,40.7862258,43.8460579,нет сайта,100,сайта нет
way/293449839,Papanino House,,,ресторан,Дилижан,Կալինինի փողոց 104,+374 41 204500,https://www.papaninohouse.com/,papaninohouse,https://www.facebook.com/papaninohouse,,info@papaninohouse.com,40.7398771,44.8533106,устаревший сайт,70,"сертификат HTTPS сломан (браузер пугает посетителей); нет HTTPS (Chrome пишет «Не защищено»); похоже, только один язык (туристы не поймут); нет кликабельного телефона/мессенджера"
way/293460361,Diana,,,супермаркет,Дилижан,Գայի փողոց 80/1,+374 94 090550,,,,,,40.7537907,44.8984334,нет сайта,100,сайта нет
node/3571677297,New City,,,супермаркет,Дилижан,,+374 93 407003,,,dilijansupermarket,,,40.7420686,44.8722846,нет сайта,100,сайта нет
node/4393741237,Norma-Terzyan,Norma-Terzyan,Норма-Терзян,супермаркет,Гюмри,Աբովյան փողոց 248,031250063,,,,,norma-terzyan@mail.ru,40.7848054,43.8408405,нет сайта,100,сайта нет
node/11933112691,SOS,,,супермаркет,Ванадзор,,,,,https://www.facebook.com/people/SOS-supermarket/61553005302176/,,,40.8317713,44.442535,нет сайта,100,сайта нет
way/293447081,Իննա,Inna,Инна,супермаркет,Дилижан,Միխայիլ Կալինինի փողոց 237,+374 77 714027,,,,,,40.7407874,44.8417601,нет сайта,100,сайта нет
way/217724424,Պահեստ մեծածախ,Pahest,,супермаркет,Ванадзор,Գրիգոր Լուսավորիչ փողոց 45,+374 98 716706,,,,,,40.812314,44.4912391,нет сайта,100,сайта нет
node/10984201494,Պռոշյան,Proshyan,,супермаркет,Ванадзор,Ներսիսյան փողոց 16/1,,,https://www.instagram.com/proshyansupermarket_/,,,,40.7964726,44.5103785,нет сайта,100,сайта нет
way/1087026317,Պռոշյան,Proshyan,,супермаркет,Ванадзор,,,,https://www.instagram.com/proshyansupermarket_/,,,,40.8086933,44.4874147,нет сайта,100,сайта нет
node/10116543838,Տիգրան Մեծ,Tigran Mets,Тигран Мец,супермаркет,Дилижан,,+374 77 757023,,,tigran.mec.378,,,40.7537423,44.8960919,нет сайта,100,сайта нет
way/232380285,Доброцен,Dobrotsen,Доброцен,супермаркет,Гюмри,Շիրակացու փողոց 109,+7 343 3020525,https://dobrotsen.ru,,,,info@dobrotsen.ru,40.7958326,43.8363994,устаревший сайт,50,"не адаптирован под телефон (нет viewport); похоже, только один язык (туристы не поймут); нет кликабельного телефона/мессенджера; нет онлайн-брони/заказа"
way/186928180,Դոբրոցեն,Dobrotsen,Доброцен,супермаркет,Ванадзор,Ուսանողական փողոց 1,+7 343 3020525,https://dobrotsen.ru/,,,,info@dobrotsen.ru,40.8017301,44.5203607,устаревший сайт,50,"не адаптирован под телефон (нет viewport); похоже, только один язык (туристы не поймут); нет кликабельного телефона/мессенджера; нет онлайн-брони/заказа"
node/4281611174,"""Kilikia"" Bistro",,,фастфуд,Гюмри,Գարեգին Նժդեհ 22,+374 312 4 88 78,,,,,,40.7955986,43.8464925,нет сайта,100,сайта нет
node/11960803069,11+1 by TUMO,,,хостел,Дилижан,,+374 41 221112,,,,,11plus1@tumo.org,40.7435806,44.872304,нет сайта,100,сайта нет
way/684614219,5x5,,,фастфуд,Гюмри,,+374 98 14 44 55,,,,,,40.789542,43.8360527,нет сайта,100,сайта нет
node/10142838817,A.N.G. Perfect Hall,,,парикмахерская,Дилижан,,+374 94 020343,,,,Nver_Araqelyan,,40.7539323,44.8910182,нет сайта,100,сайта нет
node/4340280890,Adel,,,салон красоты,Ванадзор,,+37494049535,,,,,,40.8099087,44.4960681,нет сайта,100,сайта нет
way/293458078,ArtDent,,,стоматология,Дилижан,Սայաթ-Նովայի փողոց 4,+374 99 113969,,,DilArtDent,,art-dent74@mail.ru,40.7406876,44.86829,нет сайта,100,сайта нет
node/13967831379,Bar Bar Art Gallery,,,бар,Гюмри,,,,https://www.instagram.com/barbar_artgallery/,,,,40.7886696,43.8428259,нет сайта,100,сайта нет
relation/21388961,Bar №1,,,бар,Дилижан,Միխայիլ Կալինինի փողոց 236/1,,,,,barN1Kliver,,40.7411165,44.8394459,нет сайта,100,сайта нет
node/14070176558,Boom,Boom,Бум,фастфуд,Гюмри,,+374 98 91 41 44,,,,,,40.7871465,43.8505695,нет сайта,100,сайта нет
way/1226663844,Davas Food,,,фастфуд,Ванадзор,,+374 93 577944,,,,,,40.7985535,44.5222048,нет сайта,100,сайта нет
node/6373820072,Dili&Jani,,,салон красоты,Дилижан,,+374 91 643355,,dili.jani,dilijanibeautysalon,,Babayan_lilit_75@mail.ru,40.7386345,44.855032,нет сайта,100,сайта нет
node/12325473975,Family,,,фастфуд,Ванадзор,,+374 94 500222,,,,,,40.8145296,44.4834054,нет сайта,100,сайта нет
way/1536782490,FillHouseDilijan,,,апартаменты,Дилижан,Մխիթարյան փողոց 8/1,+374 98 577775,,fillhousedilijan,trianglebyfillhousedilijan,,,40.7500451,44.8820536,нет сайта,100,сайта нет
way/152446039,Haceni Food,Haceni Food,Хацени Фуд,фастфуд,Гюмри,Երևանյան խճուղի 21/2,+374 98 61 01 97,,,,,,40.7762708,43.8528627,нет сайта,100,сайта нет
node/12290587825,In Beauty,,,салон красоты,Гюмри,,+37477728771,,https://www.instagram.com/in_beauty_gyumri/,,,,40.7742605,43.8377906,нет сайта,100,сайта нет
way/1488954013,Jauto.am,Jauto.am,,автосервис,Гюмри,,+374 33 33 36 37,,,,,,40.8139448,43.8310498,нет сайта,100,сайта нет
way/293457934,La Casa Dilijan,,,хостел,Дилижан,Մաքսիմ Գորկու փողոց 10,+374 77 282826,,hostel_la_casa,https://www.facebook.com/p/Hostel-La-Casa-Dilijan-100094924683978/,,,40.7354129,44.8650416,нет сайта,100,сайта нет
node/5855774585,Lake Sevan Hostel,Lake Sevan Hostel,,хостел,Севан,Սարգիս Սևանեցի փողոց 17,+374 77 68 88 94,,,,,,40.5445855,44.9626557,нет сайта,100,сайта нет
way/1493861085,Lili Dili,,,салон красоты,Дилижан,Գետափնյա փողոց 8/3,+374 41 151463,,_salon_lili_dili_,https://www.facebook.com/profile.php?id=61583438549996,,,40.7388444,44.8545324,нет сайта,100,сайта нет
node/12023279233,M & S,,,фастфуд,Гюмри,,+374 94 646363,,,,,,40.8028321,43.8474266,нет сайта,100,сайта нет
node/5991951785,Montecristo,MONTECRISTO,,бар,Гюмри,,+37477231319,https://m.facebook.com/Montecristo-%EF%B8%8F-Toscana-1758255667583563/,,,,sevasaroyan6s@mail.ru,40.8070696,43.8471081,нет сайта,100,"своего сайта нет, вместо него ссылка на соцсеть/агрегатор"
way/1532246169,Mr. Haroyan,,,парикмахерская,Дилижан,Միխայիլ Կալինինի փողոց 120/1,+374 77 076716,,,,,,40.7398778,44.8522259,нет сайта,100,сайта нет
way/610186229,Mr. Shaurma,,,фастфуд,Дилижан,Մաքսիմ Գորկու փողոց 7/8,+374 43 300800,,mr.shaurmadilijan,https://www.facebook.com/profile.php?id=100083225574274,,,40.7404024,44.8652639,нет сайта,100,сайта нет
node/11778958373,Mrs Gyros,Mrs Gyros,миссис гирос,фастфуд,Гюмри,,+374 77 25 06 03,,,,,,40.7875042,43.8399588,нет сайта,100,сайта нет
node/7384680282,Nrneni Travel,,,турагентство,Ванадзор,Գարեգին Նժդեհի փողոց 19/2,+374 077 232391,,,https://www.facebook.com/NrneniTravel/,,nrnenitravel@mail.ru,40.8081075,44.4862745,нет сайта,100,сайта нет
node/14016965394,Picasso,,,бар,Гюмри,,,,picasso.gyumri,,,,40.7876842,43.840357,нет сайта,100,сайта нет
node/10799373305,Rasputin,,,бар,Гюмри,,+37477616619,https://gyumri.bar,,,,,40.786076,43.8398205,устаревший сайт,100,домен не работает (не продлён или не настроен)
way/293457948,Rossi Rest House,,,хостел,Дилижан,Մաքսիմ Գորկու փողոց 40,+374 91 748174,,rossiresthouse,rossiresthouse,,rossiresthouse@gmail.com,40.7379487,44.8647411,нет сайта,100,сайта нет
node/13518336570,SK Beauty,,,салон красоты,Дилижан,,+374 99 057596,,sk_beauty_dilijan,,,,40.751247,44.8358386,нет сайта,100,сайта нет
way/293446931,Sargsyan,,,стоматология,Дилижан,Գետափնյա փողոց 42/1,+374 95 181807,,dr.yura_sargsyan,doctor.sargsyan,,,40.7390247,44.8491621,нет сайта,100,сайта нет
node/9865975792,Shame Burgers,,,фастфуд,Дилижан,,+374 91 902095,,shame_dilijan_,,,,40.7386481,44.8656288,нет сайта,100,сайта нет
node/13064779064,ShaurmOK,,,фастфуд,Дилижан,,+374 91 212 515,,shaurmok_,https://www.facebook.com/p/Shaurmok-61577736277641/,,,40.7407339,44.8473212,нет сайта,100,сайта нет
way/1241459922,Shaurmyan,Shaurmyan,Шаурмян,фастфуд,Дилижан,Մյասնիկյան փողոց 32/2,,,shaurmyan,,paronshaurmyan,,40.7388954,44.8680536,нет сайта,100,сайта нет
way/633255198,The Kliver Wine Place,,,бар,Дилижан,Մյասնիկյան փողոց 32,+374 94 097874,,thekliver_dilijan,,,,40.73871,44.8684566,нет сайта,100,сайта нет
node/14114178096,Tigran Atabekyan,,,автосервис,Дилижан,Զորավար Անդրանիկի փողոց 26,+374 98 889860,,,,tigranatabekyan,,40.7427503,44.8564085,нет сайта,100,сайта нет
node/11778821052,gyros original,,,фастфуд,Гюмри,,+374 94 52 12 84,,,,,,40.8069841,43.8409412,нет сайта,100,сайта нет
way/1475392521,hair'izma,,,салон красоты,Дилижан,Գետափնյա փողոց 76/4,+374 33 039966,,hairizma_dilijan,,,,40.7403808,44.8429992,нет сайта,100,сайта нет
node/11197664608,salon svetlana,,,парикмахерская,Гюмри,,+374 94 71 88 49,,,,,,40.8135579,43.8157506,нет сайта,100,сайта нет
way/1432370801,universal.1,,,салон красоты,Дилижан,Գետափնյա փողոց 84/1,+374 44 010290,,beautysalon_universal.1,,,,40.7400714,44.8411492,нет сайта,100,сайта нет
node/13099842401,Развал схождение 3D,,,автосервис,Гюмри,,098444366,,,,,,40.8179649,43.813412,нет сайта,100,сайта нет
node/11063041005,Хостел,Aragats Hostel,,хостел,Гюмри,Սպանդարյան փողոց 24,+37495242525,,,,,,40.7844292,43.8435904,нет сайта,100,сайта нет
way/1488957363,бистро,,бистро,фастфуд,Гюмри,,+374 95 48 82 88,,,,,,40.8076625,43.8322691,нет сайта,100,сайта нет
way/293457885,Աբգար,Abgar,Абгар,мотель,Дилижан,Կամոյի փողոց 10/1,+374 77 541155,,,https://www.facebook.com/profile.php?id=100054407353560,,abgarhotel@gmail.com,40.7246561,44.8642505,нет сайта,100,сайта нет
node/11811997571,Ավտոսերվիս,Car repair store,,автосервис,Гюмри,,+37498444366,,,,,,40.8179789,43.8132367,нет сайта,100,сайта нет
node/12361405918,Արտուշի,Artush's,У Артуша,парикмахерская,Гюмри,Գարեգին Նժդեհի պողոտա 26/10,+37493238319,,,,,,40.7943362,43.8461916,нет сайта,100,сайта нет
node/14031464580,Բեղլու,Beghloo,,бар,Гюмри,Հովհաննես Շիրազի փողոց 5,,,https://www.instagram.com/beghloo_cafe_bar,,,,40.7877512,43.8385402,нет сайта,100,сайта нет
node/14211563501,Գյումրի ավտոէլեկտրիկ,,Автоэлектрик Гюмри,автосервис,Гюмри,Շիրակացու փողոց 25/4,+37493583380,https://t.me/Leninakan_electrician,leninakan_electrician_service,,,serhio.razin@gmail.com,40.7991466,43.8362206,нет сайта,100,"своего сайта нет, вместо него ссылка на соцсеть/агрегатор"
node/5300436585,Գյումրի բժշկական կենտրոն,Gyumri Medical Center,Гюмрийский Медицинский Центр,клиника,Гюмри,,"+374 312 3 03 11, +374 312 5 51 59",,,,,,40.8043272,43.8509468,нет сайта,100,сайта нет
node/5807278353,Դրիմ հաուս և հոսթել,Dream House & Hostel,Дрим хостел,хостел,Севан,Գրիբոյեդովի փողոց 1,+37495222012,,,,,hayrumyan.sevak@mail.ru,40.5462976,44.9596467,нет сайта,100,сайта нет
way/420513833,Էնրիկո Մատտեի անվան պոլիկլինիկա,Enrico Mattei Polyclinic,Поликлиника имени Энрико Маттея,клиника,Гюмри,Շիրակացու փողոց 13,+374 312 3 31 78,,,,,,40.808231,43.8323341,нет сайта,100,сайта нет
node/12246751749,Ժամհարովի մոտ,,,фастфуд,Ванадзор,,+374 77 202125,,,,,,40.8068099,44.4907256,нет сайта,100,сайта нет
node/11084072327,Ինչևէ,Incheve,,бар,Гюмри,Ghorghanyan 234/1 234/1,,,https://www.instagram.com/incheve_winebar/,,,,40.7878913,43.8399974,нет сайта,100,сайта нет
way/1219871182,Լահմաջո,Lahmajo,,фастфуд,Ванадзор,,+374 95 220990,,,,,,40.8081026,44.4951082,нет сайта,100,сайта нет
way/1475380749,Լիլի,Lili,Лили,салон красоты,Дилижан,Միխայիլ Կալինինի փողոց 224/1,+374 94 400393,,,lili.gegec.kut.yan.srah,,,40.7410603,44.8405726,нет сайта,100,сайта нет
node/4505587092,Կադր,"""Kadr""",,турагентство,Гюмри,Գորկու փողոց 104,+37493191961,http://www.kadr-llc.com,,,,info@kadr-llc.com,40.7871312,43.8589166,устаревший сайт,100,домен не работает (не продлён или не настроен)
node/11738310169,Համով Անկյուն,Tasty corner,Вкусный уголок,фастфуд,Дилижан,,+374 77 188299,,,,,,40.742946,44.8715086,нет сайта,100,сайта нет
node/6616788400,Հայի Տուն,Hay Home,,хостел,Ехегнадзор,Kamo 2 2,+374400368,,,,,,39.7678914,45.3361392,нет сайта,100,сайта нет
node/12084660990,Մուշ Դենտ,Mush Dent,,стоматология,Ванадзор,,+374 91 797946,,,,,,40.8139825,44.4846001,нет сайта,100,сайта нет
node/10679331521,Պիրաժոկ,Pirajok,Пирожок,фастфуд,Ванадзор,Տիգրան Մեծի պողոտա 47/4g,+374 91 288286,,,,,,40.8109174,44.4865898,нет сайта,100,сайта нет
node/10735364987,Պիրաժոկ,Pirajok,Пирожок,фастфуд,Ванадзор,,+374 99 488788,,,,,,40.8139675,44.4871069,нет сайта,100,сайта нет
way/386920064,Ռեմի,Remi,,салон красоты,Ванадзор,Լազյան փողոց 33-1/1,+374 98 126669,,,,,,40.8118419,44.4868898,нет сайта,100,сайта нет
node/4836322825,Ստոմա-Դենտ,Stoma-Dent,Стома-Дент,стоматология,Гюмри,Gorki street,+37491417089,,,,,,40.7875942,43.8417556,нет сайта,100,сайта нет
node/14107677246,Տատյանա,Tatiana,Татьяна,парикмахерская,Дилижан,,+374 94 734771,,,,,,40.7535936,44.8954457,нет сайта,100,сайта нет
node/5712753820,"""Kellers"" beerhouse","""Kellers"" beerhouse",,паб,Севан,,,http://www.kellers.am,,,,,40.5361804,44.940954,устаревший сайт,40,"нет HTTPS (Chrome пишет «Не защищено»); похоже, только один язык (туристы не поймут); нет кликабельного телефона/мессенджера"
